idAdjudicante;NomeAdjudicante
505111667;Urbe - Consultores Associados, L.da
506613399;MunicÃ­pio de GÃ³is
507105141;Freguesia de Carvalhosa
507104676;Freguesia de Joane
;
01/01/2024;
O seguro de acidentes de trabalho deve garantir as condiÃ§Ãµes exigidas por Lei para os trabalhadores por conta de outrem de uma entidade.;
01/02/2024;
510837778;UniÃ£o das Freguesias de Margaride (Santa EulÃ¡lia), VÃ¡rzea, Lagares, Varziela e Moure
507223500;Freguesia de Moreira de CÃ³negos
509822932;Unidade Local de SaÃºde da RegiÃ£o de Leiria, E. P. E.
506359670;MunicÃ­pio de Vila Real
503494933;Instituto PolitÃ©cnico do CÃ¡vado e do Ave
506149811;MunicÃ­pio de Montalegre
506859487;MunicÃ­pio de AlijÃ³
509822940;Centro Hospitalar Tondela-Viseu, E. P. E.
600087484;DireÃ§Ã£o Regional das ComunicaÃ§Ãµes e da TransiÃ§Ã£o Digital
504322915;Instituto de InformÃ¡tica, I. P.
506349381;MunicÃ­pio de Resende
506770664;MunicÃ­pio de Vouzela
671001116;ServiÃ§os de AcÃ§Ã£o Social da Universidade da Madeira
508142156;Unidade Local de SaÃºde de Gaia/Espinho, E. P. E.
506608972;MunicÃ­pio de Torres Novas
508481287;Unidade Local de SaÃºde de Santa Maria, E. P. E.
505181266;MunicÃ­pio de Leiria
502177080;MunicÃ­pio de Mafra
501132872;MunicÃ­pio de Alter do ChÃ£o
502017368;Autoridade Nacional de ComunicaÃ§Ãµes
502823305;Ãrea Metropolitana do Porto
506970892;Freguesia de Ronfe
506831957;APPC - AssociaÃ§Ã£o do Porto de Paralisia Cerebral
510856861;Freguesia de Avenidas Novas
502173653;MunicÃ­pio de Torres Vedras
600075761;Agrupamento de Escolas Marinha Grande Nascente
600034984;Escola Profissional AgrÃ­cola EngÂº. Silva Nunes, Molares, Celorico de Basto
600074447;Agrupamento de Escolas de Monte da Ola, Viana do Castelo
508955645;Instituto de Geografia e Ordenamento do TerritÃ³rio
01/04/2024;
501258027;MunicÃ­pio de Arraiolos
505246473;STCP ServiÃ§os - Transportes Urbanos, Consultoria e ParticipaÃ§Ãµes, Unipessoal, Lda.
505174839;Parques de Sintra-Monte da Lua, SA
505335018;MunicÃ­pio de Vila Nova de Gaia
600077829;Agrupamento de Escolas Guerra Junqueiro, Freixo de Espada Ã  Cinta
505948605;MunicÃ­pio de GuimarÃ£es
507618319;Centro Hospitalar de Lisboa Ocidental, E. P. E.
502659807;Faculdade de FarmÃ¡cia 
504915266;Inframoura, E.M.
504603205;FundaÃ§Ã£o Escola Profissional de Leiria
512021155;Instituto de AlimentaÃ§Ã£o e Mercados AgrÃ­colas
506841561;MunÃ­cipio de Fafe
506663264;MunicÃ­pio de Vila Nova de FamalicÃ£o
505120151;FEIRA VIVA - CULTURA E DESPORTO, E.M.
506892646;MunicÃ­pio de SÃ£o JoÃ£o da Pesqueira
506656128;MunicÃ­pio de Paredes
600081540;Agrupamento de Escolas de Nisa
507023129;Lisboa Ocidental, SRU - Sociedade de ReabilitaÃ§Ã£o Urbana E. M., S. A.
502661038;MunicÃ­pio de Abrantes
500792771;Banco de Portugal
506854299;MunicÃ­pio de BaiÃ£o
503933813;Infraestruturas de Portugal, S. A.
600081770;Agrupamento de Escolas AntÃ³nio Rodrigues Sampaio, Esposende
505941350;MunicÃ­pio de SantarÃ©m
506804240;MunicÃ­pio de Lagoa
506197174;MS - Matosinhos Sport - Empresa Municipal de GestÃ£o e Equipamentos Desportivos e de Lazer, E. M.
501227083;AssociaÃ§Ã£o para a RecuperaÃ§Ã£o de CidadÃ£os Inadaptados da LousÃ£ (A. R. C. I. L.)
600082490;Autoridade Nacional de EmergÃªncia e ProteÃ§Ã£o Civil
501442600;Instituto do Emprego e FormaÃ§Ã£o Profissional, IP
502834846;MunicÃ­pio do Montijo
503035416;Hospital Professor Doutor Fernando Fonseca, E. P. E.
680015965;ServiÃ§os Municipalizados de Transportes Urbanos de Coimbra
505037700;Domus Social, EM
515545180;Hospital de Braga, E. P. E.
680047360;ServiÃ§os de AcÃ§Ã£o Social da Universidade do Minho
505776758;MunicÃ­pio da Marinha Grande
511035365;IHM - Investimentos Habitacionais da Madeira, EPERAM
505932512;MunicÃ­pio de Aljezur
508094461;Unidade Local de SaÃºde do Alto Alentejo, E. P. E.
600012662;MARINHA - DireÃ§Ã£o de Navios
01/05/2024;
503606251;Instituto PolitÃ©cnico do Porto
503449997;CTP - ConfederaÃ§Ã£o do Turismo Portugal
501460888;Instituto da HabitaÃ§Ã£o e da ReabilitaÃ§Ã£o Urbana, I. P.
506657957;MunicÃ­pio de Penacova
508786193;Unidade Local de SaÃºde do Alto Minho, E. P. E.
510306624;AgÃªncia Portuguesa do Ambiente, I.P.
504884620;MunicÃ­pio de Beja
503518689;AssociaÃ§Ã£o de MunicÃ­pios do Douro Superior
506579425;MunicÃ­pio de Faro
506848957;MunicÃ­pio de Gondomar
506812782;ServiÃ§os Sociais da CÃ¢mara Municipal de Lisboa
600054128;Assembleia da RepÃºblica
510361242;INSTITUTO DE GESTÃO FINANCEIRA E EQUIPAMENTOS DA J
509821197;Unidade Local de SaÃºde de SÃ£o JoÃ£o, E. P. E.
501158740;MunicÃ­pio de Espinho
506822680;MunicÃ­pio de Tondela
509574513;A. R. M. - Ãguas e ResÃ­duos da Madeira, S. A.
501288120;MunicÃ­pio de Alvito
510835180;UniÃ£o das Freguesias de Briteiros Santo EstÃªvÃ£o e Donim
600020339;Procuradoria-Geral da RepÃºblica
600038009;ServiÃ§os de AÃ§Ã£o Social da Universidade de Ãvora
517392259;Unidade Local de SaÃºde de Santo AntÃ³nio, E. P. E.
501791949;Centro de FormaÃ§Ã£o Profissional para o ComÃ©rcio e Afins - CECOA
501306269;MunicÃ­pio de Ovar
502237490;Instituto Nacional de EstatÃ­stica, I. P.
500745943;MunicÃ­pio de Oeiras
506785815;MunicÃ­pio de SÃ£o Pedro do Sul
501294996;MunicÃ­pio de Loures
600076024;Agrupamento de Escolas de Oliveira de Frades
504293125;MunicÃ­pio de Odivelas
507718666;CMPEAE - Empresa de Ãguas e Energia do MunicÃ­pio do Porto, E. M.
512065837;MunicÃ­pio do Corvo
501305912;CÃ¢mara Municipal de Matosinhos
511233639;CÃ¢mara Municipal da Calheta
502678917;MunicÃ­pio de Castelo de Paiva
506801969;MunicÃ­pio de Castro Marim
504828576;MunicÃ­pio de Ãvora
500086826;Docapesca - Portos e Lotas, S. A.
501073655;MunicÃ­pio do Marco de Canaveses
509932584;Unidade Local de SaÃºde do Nordeste, EPE
600082571;DireÃ§Ã£o-Geral da PolÃ­tica de JustiÃ§a
506818837;MunicÃ­pio de Silves
501621288;Faculdade de Motricidade Humana
506886964;MunicÃ­pio de Boticas
505763621;MunicÃ­pio do Cadaval
01/08/2024;
506852032;MunicÃ­pio de Sernancelhe
600087174;DireÃ§Ã£o Regional da SaÃºde
503450189;EDIA - Empresa de Desenvolvimento e Infra Estruturas do Alqueva, S. A.
513606084;Ãguas do Norte, S. A.
502011130;Centro de FormaÃ§Ã£o Profissional da IndÃºstria ElectrÃ³nica, Energia, TelecomunicaÃ§Ãµes e Tecnologias da InformaÃ§Ã£o
515486159;A. D. A. M. - Ãguas do Alto Minho, S. A.
505377802;MunicÃ­pio de ProenÃ§a-a-Nova
501144218;MunicÃ­pio de Sesimbra
504689878;CEIIA - Centro para ExcelÃªncia e InovaÃ§Ã£o para a IndÃºstria AutomÃ³vel
507606787;Centro Hospitalar de SetÃºbal, E. P. E.
517713233;ComissÃ£o de CoordenaÃ§Ã£o e Desenvolvimento Regional do Norte, I. P.
505187531;MunicÃ­pio de Cascais
506899250;MunicÃ­pio de Vila Nova da Barquinha
505656000;MunicÃ­pio de Rio Maior
506971244;Instituto PolitÃ©cnico de Leiria
503013366;Faculdade de Medicina DentÃ¡ria 
511236077;AssociaÃ§Ã£o de PromoÃ§Ã£o da RegiÃ£o AutÃ³noma da Madeira
506609553;MunicÃ­pio de Montemor-o-Novo
501122486;MunicÃ­pio de Aljustrel
506787249;MunicÃ­pio de Pinhel
505987449;Municipio de Figueira de Castelo Rodrigo
600072525;DireÃ§Ã£o-Geral da AdministraÃ§Ã£o da JustiÃ§a
503541567;Gebalis - GestÃ£o do Arrendamento da HabitaÃ§Ã£o Municipal de Lisboa, E. M., S. A.
510833349;Freguesia da MisericÃ³rdia
507853024;Freguesia de Candoso (SÃ£o Martinho)
508889910;Comunidade Intermunicipal do TÃ¢mega e Sousa
506415082;MunicÃ­pio de Coimbra
600085473;Agrupamento de Escolas Madeira Torres, Torres Vedras
506173968;MunicÃ­pio do Seixal
506361616;Instituto PortuguÃªs de Oncologia de Lisboa Francisco Gentil, E. P. E.
501305580;MunicÃ­pio da Figueira da Foz
506829138;MunicÃ­pio de Santa Marta de PenaguiÃ£o
507401778;Freguesia do Beato
508100496;Centro Hospitalar de TrÃ¡s-os-Montes e Alto Douro, E. P. E.
600074668;Agrupamento de Escolas de TÃ¡bua
600073912;Agrupamento de Escolas Dr. Ginestal Machado, SantarÃ©m
505371600;MunicÃ­pio de Vila Nova de Poiares
506037258;MunicÃ­pio de Viana do Castelo
503844209;ADER-AL - AssociaÃ§Ã£o para o Desenvolvimento do EspaÃ§o Rural do Norte do Alentejo
504296434;MunicÃ­pio da Trofa
505600005;Ãguas de Santo AndrÃ©, S. A.
507265890;Freguesia de Vale de Espinho
500122237;FundaÃ§Ã£o INATEL
502011378;Universidade do Minho
507396081;EMAC - Empresa Municipal de Ambiente de Cascais, E. M., S. A.
501305734;CÃ¢mara Municipal de Alenquer
515769053;I3S - Instituto de InvestigaÃ§Ã£o e InovaÃ§Ã£o em SaÃºde da Universidade do Porto - AssociaÃ§Ã£o
512011168;Santa Casa MisericÃ³rdia Vila Praia VitÃ³ria
510103448;Centro Hospitalar e UniversitÃ¡rio de Coimbra, E. P. E.
507564243;Freguesia de Corroios
505931192;MunicÃ­pio de Aveiro
500745471;Santa Casa da MisericÃ³rdia de Lisboa
500906840;EPAL - Empresa Portuguesa das Ãguas Livres, S. A.
506641376;MunicÃ­pio de Vila Verde
600084787;InspeÃ§Ã£o-Geral da EducaÃ§Ã£o e CiÃªncia
506834166;MunicÃ­pio de Nelas
502563010;MunicÃ­pio de Sines
510878393;Freguesia de Parque das NaÃ§Ãµes
503341479;ADL - AssociaÃ§Ã£o de Desenvolvimento do Litoral Alentejano
680009671;ServiÃ§os Intermunicipalizados de Ãguas e ResÃ­duos dos MunicÃ­pios de Loures e Odivelas
503888729;FundaÃ§Ã£o Cultursintra, FP
01/09/2024;
506361470;Unidade Local de SaÃºde de Almada-Seixal, E. P. E.
507001460;Freguesia de Olivais
508779200;Comunidade Intermunicipal do Douro
506346773;GESAMB - GestÃ£o Ambiental e de ResÃ­duos, E. I. M.
510833454;Freguesia da Penha de FranÃ§a
506334562;MunicÃ­pio de Pombal 
508080142;Centro Hospitalar UniversitÃ¡rio Lisboa Central, E. P. E.
506833232;MunicÃ­pio de Arganil
505387271;Universidade do Algarve
600082628;ServiÃ§os Sociais da AdministraÃ§Ã£o PÃºblica
505161974;MunicÃ­pio de MÃªda
500051070;MunicÃ­pio de Lisboa
501128840;MunicÃ­pio de Oliveira do Bairro
600070522;Agrupamento de Escolas de Arrifana, Santa Maria da Feira
508047790;Comunidade Intermunicipal Viseu DÃ£o LafÃµes
501390642;CASA PIA DE LISBOA, I.P.      
501559094;UNL - Instituto Superior de EstatÃ­stica e GestÃ£o de InformaÃ§Ã£o - Information Management School (NOVA IMS)
502098139;MunicÃ­pio de LoulÃ©
500900469;ServiÃ§o de UtilizaÃ§Ã£o Comum dos Hospitais
500980896;A ARCIAL - AssociaÃ§Ã£o para RecuperaÃ§Ã£o de CidadÃ£os Inadaptados de Oliveira do Hospital
600027350;Instituto PolitÃ©cnico de Coimbra
512074836;MunicÃ­pio de Lajes das Flores
500745773;MunicÃ­pio de Alcanena
506823318;MunicÃ­pio de GrÃ¢ndola
506738914;MunicÃ­pio de Tomar
506320120;AgÃªncia para o Investimento e ComÃ©rcio Externo de Portugal, E. P. E.
600085082;Agrupamento de Escolas Morgado de Mateus, Vila Real
506849023;Freguesia da Marinha Grande
510857043;Freguesia de Santa Maria Maior
507571053;NazarÃ© Qualifica, E. M., Unipessoal, L.da
508878462;Centro Hospitalar de Entre o Douro e Vouga, E.P.E.
509309844;Unidade Local de SaÃºde de Castelo Branco, E. P. E.
506697320;Municipio de Viseu
506659682;MunicÃ­pio de Vieira do Minho
503148709;AdministraÃ§Ã£o Regional de SaÃºde do Algarve, I. P.
504503219;ProSena - Empresa Promotora de ServiÃ§os de Ensino, S. A.
506215695;MunicÃ­pio do FundÃ£o
515515507;APIN - Empresa Intermunicipal de Ambiente do Pinhal Interior, E.I.M., S.A.
511228848;ServiÃ§o de SaÃºde da RegiÃ£o AutÃ³noma da Madeira, EPERAM (SESARAM, EPERAM)
500636834;CERCIGUI - Cooperativa de EducaÃ§Ã£o e ReabilitaÃ§Ã£o de CidadÃ£os Inadaptados do Concelho de GuimarÃ£es, C. R. L.
501651888;AssociaÃ§Ã£o de MunicÃ­pios das Terras de Santa Maria
506862763;MunicÃ­pio de MurÃ§a
506826961;MunicÃ­pio de Monchique
504853635;Cascais PrÃ³xima - GestÃ£o de Mobilidade, EspaÃ§os Urbanos e Energias, E. M., S. A.
502173297;MunicÃ­pio de PaÃ§os de Ferreira
01/11/2024;
501617582;Universidade de Coimbra
506792382;MunicÃ­pio da Mealhada
600078230;Agrupamento de Escolas Manoel de Oliveira, Porto
671000497;Secretaria Regional de EducaÃ§Ã£o, CiÃªncia e Tecnologia
504526391;Escola Profissional de Vouzela, Sociedade Unipessoal, L.da
506361390;Unidade Local de SaÃºde de Matosinhos, E. P. E.
503584215;EGEAC - Empresa de GestÃ£o de Equipamentos e AnimaÃ§Ã£o Cultural, E. M., S. A.
600078019;Agrupamento de Escolas Tomaz Pelayo, Santo Tirso
506818829;MunicÃ­pio de Oliveira do Hospital
502971096;CI-AMAL - Comunidade Intermunicipal do Algarve
508069645;ConstruÃ§Ã£o PÃºblica, E. P. E.
506932273;MunicÃ­pio de Vila de Rei
501143530;MunicÃ­pio de Castelo Branco
600024768;Escola SecundÃ¡ria de Barcelinhos, Barcelos
509680780;AmbiolhÃ£o - Empresa Municipal de Ambiente de OlhÃ£o, E. M.
502106506;Comunidade Intermunicipal do MÃ©dio Tejo
504807692;AGERE- Empresa de Ãguas Efluentes e ResÃ­duos de Braga, E. M.
511233620;CÃ¢mara Municipal de CÃ¢mara de Lobos
511239440;MunicÃ­pio de Machico
504769642;Ensiprof - Ensino e FormaÃ§Ã£o Profissional, L.da
502826126;Ãrea Metropolitana de Lisboa
501066144;ColÃ©gio de Gaia - Escola CatÃ³lica
01/10/2024;
510837484;UniÃ£o das Freguesias de Laranjeiro e FeijÃ³
506788490;MunicÃ­pio de Alcochete
500925399;Ruiz, Costa & Filhos, L.da
510840590;Freguesia de Santa Maria, SÃ£o Pedro e MatacÃ£es
506895033;Freguesia de Tonda
508820111;Escola Superior NÃ¡utica Infante D. Henrique
600077705;Agrupamento de Escolas de AnsiÃ£o
508590582;Centro de FormaÃ§Ã£o Profissional das Pescas e do Mar (FOR-MAR)
500051062;MunicÃ­pio de Sintra
600084779;Autoridade TributÃ¡ria e Aduaneira
509341969;AEPM - AssociaÃ§Ã£o EquiterapÃªutica do Porto e Matosinhos
503767549;Instituto PolitÃ©cnico de Tomar
501243976;Freguesia de IdÃ£es
506676170;MunicÃ­pio de Seia
506861783;Freguesia de Canelas
507183452;Freguesia de Nespereira
500051054;MunicÃ­pio de Almada
507700651;Penafiel Verde, E. M.
01/03/2024;
503692310;Ordem dos Contabilistas Certificados
510356680;Street's Soul - AssociaÃ§Ã£o
506806898;CÃ¢mara Municipal de Miranda do Douro
507021266;Entidade Reguladora da SaÃºde
503589780;Cascais DinÃ¢mica - GestÃ£o de Economia, Turismo e Empreendorismo, E. M., S. A.
600019152;Instituto Superior de CiÃªncias Sociais e PolÃ­ticas
510832873;Freguesia do Areeiro
501170227;Freguesia de Refontoura
505037238;GestÃ£o e Obras do Porto, EM
506664686;MunicÃ­pio de Moimenta da Beira
600016234;Instituto Superior de Engenharia de Lisboa
506838730;AssociaÃ§Ã£o Porto Digital
671001310;Secretaria Regional das FinanÃ§as
510837808;UniÃ£o das Freguesias de MassamÃ¡ e Monte AbraÃ£o
512013241;MunicÃ­pio de Ribeira Grande
501102752;MunicÃ­pio de Amarante
504300156;CiÃªncia Viva - AgÃªncia Nacional para a Cultura CientÃ­fica e TecnolÃ³gica
503157562;MARL - Mercado Abastecedor da RegiÃ£o de Lisboa, S. A.
600082733;DirecÃ§Ã£o-Geral das Artes
506808122;MunicÃ­pio de Arouca
509079911;ServiÃ§o Regional de ProteÃ§Ã£o Civil, IP-RAM
510739024;Universidade de Lisboa
509266614;Cooperativa AntÃ³nio SÃ©rgio para a Economia Social - Cooperativa de Interesse PÃºblico e Responsabilidade Limitada
680017640;ServiÃ§os Municipalizados de Castelo Branco
505263963;INFRATRÃIA - Infraestruturas de TrÃ³ia, E. M.
501413197;Centro Desportivo da Universidade do Porto (CDUP)
502618418;Faculdade de CiÃªncias 
500032408;AssociaÃ§Ã£o de Regantes e BeneficiÃ¡rios do Vale do Sorraia
501431535;APA - AdministraÃ§Ã£o do Porto de Aveiro, S. A.
504871650;ECOLEZIRIA-Tratamento ResÃ­duos SÃ³lidos, E.I.M.
508096707;Freguesia de Vila Real de Santo AntÃ³nio
508240980;GTI VCFORM - FormaÃ§Ã£o e Consultoria de GestÃ£o, L.da
512012032;EDA - Electricidade dos AÃ§ores, S. A.
502286326;Faculdade de Medicina VeterinÃ¡ria 
600081125;Secretaria Geral da Economia
502327669;CooptÃ©cnica - Gustave Eiffel, Cooperativa de Ensino e FormaÃ§Ã£o TÃ©cnico Profissional, C. R. L.
506617599;MunicÃ­pio de Esposende
505869721;Instituto Superior de Agronomia 
510839088;UniÃ£o das Freguesias de Ramada e CaneÃ§as
600085171;DireÃ§Ã£o-Geral de ReinserÃ§Ã£o e ServiÃ§os Prisionais
504682687;Edurumos, EducaÃ§Ã£o, L.da
504662040;AssociaÃ§Ã£o Torrejana de Ensino Profissional
502789824;MunicÃ­pio de Avis
506624200;MunicÃ­pio de Miranda do Corvo
600015270;Escola SecundÃ¡ria de Penafiel
506024717;Centro FormaÃ§Ã£o Profissional Para o Sector Alimentar
600070298;Agrupamento de Escolas GonÃ§alo Nunes, Barcelos
511273096;PATRIRAM - Titularidade e GestÃ£o de PatrimÃ³nio PÃºblico Regional, S. A.
600087077;DireÃ§Ã£o Regional das Obras PÃºblicas e Transportes Terrestres
600085414;Agrupamento de Escolas Gaia Nascente, Vila Nova de Gaia
506361381;Unidade Local de SaÃºde de Barcelos/Esposende, E. P. E.
510957544;Comunidade Intermunicipal das Terras de TrÃ¡s-os-Montes
501306099;MunicÃ­pio do Porto
506772446;MunicÃ­pio de Alcoutim
504593447;AssociaÃ§Ã£o Promotora do Ensino Profissional da Beira Transmontana - Escola Profissional de Trancoso
501433813;ServiÃ§os Sociais da Guarda Nacional Republicana
501131140;MunicÃ­pio da Guarda
600008878;Guarda Nacional Republicana
504612328;EPA - Escola Profissional de Alte, C. I. P. R. L.
680038647;Escola SecundÃ¡ria de Caldas das Taipas, GuimarÃ£es
506874249;MunicÃ­pio de AlcobaÃ§a
507330609;Freguesia de Marvila
506803228;ATEC - AssociaÃ§Ã£o de FormaÃ§Ã£o Para a IndÃºstria
506730573;MunicÃ­pio de Vila do Bispo
503539473;MunicÃ­pio de Albufeira
512077843;Portos dos AÃ§ores, S. A.
508792657;CIIMAR - Centro Interdisciplinar de InvestigaÃ§Ã£o Marinha e Ambiental
505330768;MunicÃ­pio da CovilhÃ£
501345361;UNIVERSIDADE DE TRAS-OS-MONTES E ALTO DOURO
680020063;ServiÃ§os Municipalizados de Ãgua e Saneamento de Viseu
508195446;Instituto da Mobilidade e dos Transportes
501461108;Universidade de Aveiro
501814957;INEGI - Instituto de Engenharia MecÃ¢nica e GestÃ£o Industrial
507149815;CERCIMAC - Cooperativa de EducaÃ§Ã£o e ReabilitaÃ§Ã£o de CidadÃ£os Inadaptados, C. R. L.
506724530;MunicÃ­pio de Mira
600086917;Gabinete de InvestigaÃ§Ã£o de Acidentes MarÃ­timos e Autoridade para a Meteorologia AeronÃ¡utica
510835953;UniÃ£o das Freguesias de CeleirÃ³s, Aveleda e Vimeiro
600038106;ServiÃ§os de AÃ§Ã£o Social da Universidade de Coimbra
506806456;MunicÃ­pio de Ponte de Sor
505410850;MunicÃ­pio de Sobral de Monte AgraÃ§o
511235461;MunicÃ­pio da Ponta do Sol
501156003;MunicÃ­pio de Vinhais
600075290;Agrupamento de Escolas de Canas de Senhorim, Nelas
505176300;Ãguas do Algarve, S. A.
509540716;SPMS - ServiÃ§os Partilhados do MinistÃ©rio da SaÃºde, E. P. E.
600082156;Agrupamento Vertical de Escolas de PaÃ§os de Ferreira
506783146;MunicÃ­pio de Albergaria-a-Velha
506187543;MunicÃ­pio de Palmela
506882713;MunicÃ­pio de SÃ¡tÃ£o
504731475;EsproMinho - Escola Profissional do Minho, L.da
501176080;Instituto dos Vinhos do Douro e do Porto, I. P.
510322506;CamÃµes - Instituto da CooperaÃ§Ã£o e da LÃ­ngua, I. P.
600082237;Agrupamento de Escolas de Lordelo, Paredes
510832946;Freguesia de BelÃ©m
506361438;Instituto PortuguÃªs de Oncologia de Coimbra Francisco Gentil, E. P. E.
505584760;MunicÃ­pio de Barcelos
506829260;MunicÃ­pio do Peso da RÃ©gua
501181857;MunicÃ­pio de Sardoal
508184258;iRN - Instituto dos Registos e Notariado
600080889;Agrupamento de Escolas de CeleirÃ³s, Braga
505985217;MunicÃ­pio de Vizela
510838120;UniÃ£o das Freguesias de Montijo e Afonsoeiro
502372982;Beatriz Ribeiro e Filhos L.da
501294104;MunicÃ­pio de SetÃºbal
504646818;APPACDM de Mirandela - AssociaÃ§Ã£o Portuguesa de Pais e Amigos do CidadÃ£o Deficiente Mental
504791834;CRPG - Centro de ReabilitaÃ§Ã£o Profissional
506811883;MunicÃ­pio de Pampilhosa da Serra
501272976;MunicÃ­pio de Montemor-o-Velho
503820601;Kerigma - Instituto de InovaÃ§Ã£o e Desenvolvimento Social de Barcelos
501507930;Instituto Superior TÃ©cnico
513606181;Ãguas do Centro Litoral, S. A.
506800580;MunicÃ­pio do Bombarral
01/12/2024;
600086038;Agrupamento de Escolas da Senhora da Hora, Matosinhos
506566307;AC, Ãguas de Coimbra, E. M.
600085490;Agrupamento de Escolas da Lixa, Felgueiras
514310103;SIMDOURO - Saneamento do Grande Porto, S. A.
508354617;Comunidade Intermunicipal da RegiÃ£o de Coimbra
502174153;MunicÃ­pio de Moura
600013804;Escola SecundÃ¡ria JosÃ© RÃ©gio, Vila do Conde
500594147;CERCILEI - Cooperativa de Ensino e ReabilitaÃ§Ã£o de CidadÃ£os Inadaptados de Leiria, C. R. L.
502978481;FundaÃ§Ã£o Alentejo
502530863;Movijovem - Mobilidade Juvenil, CIPRL
504289616;Instituto do Cinema e do Audiovisual, I. P.
506915760;Freguesia de Tavarede
501211756;MAPADI - Movimento de Apoio de Pais e Amigos ao DiminuÃ­do Intelectual
507190246;Freguesia de Febres
680015973;ServiÃ§os Municipalizados de Ãgua e Saneamento da CÃ¢mara Municipal de Torres Vedras
506849635;MunicÃ­pio de Celorico da Beira
513637257;Autoridade da Mobilidade e dos Transportes
506901173;MunicÃ­pio de Braga
680016317;Escola SecundÃ¡ria de PaÃ§os de Ferreira
510840230;UniÃ£o das Freguesias de Sintra (Santa Maria e SÃ£o Miguel, SÃ£o Martinho e SÃ£o Pedro de Penaferrim)
500331049;CERCI - Cooperativa de EducaÃ§Ã£o, ReabilitaÃ§Ã£o e CapacitaÃ§Ã£o para a InclusÃ£o, C. R. L.
506087000;MUNICIPIO DE CANTANHEDE
516732846;STAR Institute - AssociaÃ§Ã£o de InvestigaÃ§Ã£o, CiÃªncia e Tecnologia Aplicadas
600082458;Gabinete de Planeamento, PolÃ­ticas e AdministraÃ§Ã£o Geral
515545236;Tejo Ambiente - Empresa Intermunicipal de Ambiente do MÃ©dio Tejo EIM, S.A.
512074410;MunicÃ­pio de Lagoa (AÃ§ores)
508169321;Freguesia de LoulÃ© (SÃ£o Clemente)
901148644;AgÃªncia Nacional para a GestÃ£o do Programa Erasmus+ EducaÃ§Ã£o e FormaÃ§Ã£o
514840960;MORE - LaboratÃ³rio Colaborativo Montanhas de InvestigaÃ§Ã£o - AssociaÃ§Ã£o
505586401;Municipio de Porto de MÃ³s
503311332;EMEL - Empresa Municipal de Mobilidade e Estacionamento de Lisboa, E. M., S. A.
600031691;Escola Profissional AgrÃ­cola Quinta da Lageosa
600087514;DireÃ§Ã£o Regional do Ordenamento do TerritÃ³rio e dos Recursos Hidricos
505309939;MunicÃ­pio de PortimÃ£o
600010180;ESTADO-MAIOR-GENERAL DAS FORÃAS ARMADAS
504570870;Centro de Artes do EspectÃ¡culo de Viseu, AssociaÃ§Ã£o Cultural e PedagÃ³gica
506855368;MunicÃ­pio de MortÃ¡gua
503716391;Centro de FormaÃ§Ã£o Profissional da IndÃºstria da ConstruÃ§Ã£o Civil e Obras PÃºblicas do Norte
501328599;Autoridade de SupervisÃ£o de Seguros e Fundos de PensÃµes (ASF)
505211696;MunicÃ­pio de Arcos de Valdevez
600077330;Agrupamento de Escolas de Vouzela e Campia
505804786;MunicÃ­pio de Vila do Conde
506697339;MunicÃ­pio de Macedo de Cavaleiros
501984720;CFPIMM - Centro de FormaÃ§Ã£o Profissional das IndÃºstrias da Madeira e MobiliÃ¡rio
506361462;Hospital Distrital de SantarÃ©m, E. P. E.
506809307;MunicÃ­pio de Aguiar da Beira
506538575;MunicÃ­pio de SÃ£o JoÃ£o da Madeira
510836054;UniÃ£o das Freguesias de Charneca de Caparica e Sobreda
504719670;Parques Tejo, E. M.
512079110;MunicÃ­pio de Santa Cruz das Flores
500876002;Lar de Santo AntÃ³nio da Cidade de SantarÃ©m
01/15/2024;
505676770;MunicÃ­pio de Ponte da Barca
512013322;LotaÃ§or - ServiÃ§o de Lotas dos AÃ§ores, S. A.
506811913;MunicÃ­pio de Ponte de Lima
501290206;MunicÃ­pio da Batalha
506920887;MunicÃ­pio de Ãlhavo
508872081;Konkrets, Lda
506829197;MunicÃ­pio de Vila Nova de Foz CÃ´a
503720364;Instituto PolitÃ©cnico de SetÃºbal
510835554;Uniao das Freguesias de Canedo, Vale e Vila Maior
600005305;DireÃ§Ã£o Regional de Agricultura e Pescas de Lisboa e Vale do Tejo
500839166;Ordem Dos Engenheiros
508080827;Unidade Local de SaÃºde do Alto Ave, E. P. E.
510840175;UniÃ£o das Freguesias de SetÃºbal (SÃ£o JuliÃ£o, Nossa Senhora da Anunciada e Santa Maria da GraÃ§a)
512007942;Casa do Povo de Vila Franca do Campo
600068064;Escola Prof Agricultura Des Rural Marco Canaveses
513567720;AssociaÃ§Ã£o CVI - Centro de Vida Independente
508136644;Instituto de Financiamento da Agricultura e Pescas - IFAP, I. P.
505477882;Deltagel- Produtos Alimentares, S.A.
505311313;MunicÃ­pio de Odemira
507200837;Freguesia de Mirandela
501090436;MunicÃ­pio de Ãgueda
504703129;AMBISOUSA - Empresa Intermunicipal de Tratamento e GestÃ£o de Residuos SÃ³lidos, E.I.M.
501155996;MunicÃ­pio de Arronches
600072428;Agrupamento de Escolas Dr. Ramiro Salgado, Torre de Moncorvo
511239980;CÃ¢mara Municipal de Santana
508085888;Hospital do EspÃ­rito Santo de Ãvora, EPE
512059420;Coliseu Micaelense - Sociedade de PromoÃ§Ã£o e DinamizaÃ§Ã£o de Eventos Culturais, Sociais e Recreativos, E. M., S. A.
508905435;Turismo do Porto e Norte de Portugal, E.R.
01/17/2024;
501206639;MunicÃ­pio de MourÃ£o
511236425;MunicÃ­pio do Porto Santo
503013862;Conselho PortuguÃªs para os Refugiados - CPR
501181768;Freguesia de Quarteira
502083514;Universidade da Beira Interior
506881784;MunicÃ­pio de Mirandela
507636295;FundaÃ§Ã£o Casa da MÃºsica
600077144;Agrupamento de Escolas de MurÃ§a
501143726;MunicÃ­pio de Trancoso
501618392;ADENE - AgÃªncia para a Energia
500843139;MunicÃ­pio de Caminha
600084655;Gabinete do SecretÃ¡rio de Estado do Ambiente
506802698;MunicÃ­pio de Ãbidos
506605930;MunicÃ­pio de AnsiÃ£o
504441361;INESC TEC - Instituto de Engenharia de Sistemas e Computadores, Tecnologia e CiÃªncia
507718640;Ãgora - Cultura e Desporto do Porto, E. M., S. A.
506064433;GAIURB - Urbanismo e HabitaÃ§Ã£o, E. E. M.
501216839;MunicÃ­pio de Ferreira do ZÃªzere
501177256;MunicÃ­pio de Vendas Novas
600075095;Agrupamento de Escolas D.Dinis,Santo Tirso
506772527;MunicÃ­pio de Alandroal
503879614;Esposende 2000 - Actividades Desportivas e Recreativas, E. M. - Sociedade Unipessoal, L.da
501262997;MunicÃ­pio de Mangualde
501174192;Freguesia de Almancil
501157280;MunicÃ­pio de Santa Maria da Feira
502771127;Centro Social e Paroquial de Sobreposta
501897968;Centro Protocolar de FormaÃ§Ã£o Profissional para Jornalistas - CENJOR
502077352;Centro de FormaÃ§Ã£o Profissional da Industria MetalÃºrgica e MetalomecÃ¢nica (CENFIM)
508752000;Unidade Local de SaÃºde da Guarda, E. P. E.
504595067;Escola Profissional Amar Terra Verde, L.da
500971293;ACISO - AssociaÃ§Ã£o Empresarial OurÃ©m - FÃ¡tima
504706675;Palmela Desporto, Empresa Local de PromoÃ§Ã£o do Desporto, SaÃºde e Qualidade de Vida, E. M. Unipessoal, L.da
510834817;UniÃ£o das Freguesias de AzeitÃ£o (SÃ£o LourenÃ§o e SÃ£o SimÃ£o)
501403906;Instituto PolitÃ©cnico de SantarÃ©m - ServiÃ§os Centrais
504884387;ADICE - AssociaÃ§Ã£o para o Desenvolvimento Integrado da Cidade de Ermesinde
01/19/2024;
600076261;Agrupamento de Escolas de Anadia
507367111;FundaÃ§Ã£o AFID - DiferenÃ§a
600083349;Autoridade para as CondiÃ§Ãµes do Trabalho
500788499;AssociaÃ§Ã£o de Pais e Amigos das CrianÃ§as Inadaptadas - APACI
504515250;Profigaia - Sociedade de EducaÃ§Ã£o e FormaÃ§Ã£o TecnolÃ³gica e Profissional, L.da
504534440;Soenprol - Sociedade de Ensino Profissional, L.da
506151174;MunicÃ­pio de Viana do Alentejo
508840309;CAAD - Centro de Arbitragem Administrativa
600013758; Instituto PolitÃ©cnico de BraganÃ§a 
506647498;MunicÃ­pio de AlfÃ¢ndega da FÃ©
501138960;MunicÃ­pio de Valongo
506605949;MunicÃ­pio de AlvaiÃ¡zere
512044040;MunicÃ­pio de Angra do HeroÃ­smo
600017982;ServiÃ§os de AÃ§Ã£o Social da Universidade da Beira Interior
507011937;MunicÃ­pio de PedrÃ³gÃ£o Grande
600071944;Agrupamento de Escolas n.Âº 3 de Ãvora
506563774;MunicÃ­pio da GolegÃ£
506884937;MunicÃ­pio de Freixo de Espada Ã  Cinta
506741400;MunicÃ­pio de PÃ³voa de Varzim
600082024;Agrupamento de Escolas de SÃ£o Bento, Vizela
501880160;AssociaÃ§Ã£o de Turismo de Lisboa - Visitors and Convention Bureau
600085180;Agrupamento de Escolas de Lousada
506735524;MunicÃ­pio de Vale de Cambra
517804417;Museus e Monumentos de Portugal, E. P. E.
507068076;EAMB - Esposende Ambiente, E. M.
501201920;Universidade de Ãvora
508318262;Centro Hospitalar do TÃ¢mega e Sousa, E. P. E.
500797080;C. E. C. D. Mira Sintra - Centro de EducaÃ§Ã£o para o CidadÃ£o Deficiente, C. R. L.
502790610;Instituto Pedro Nunes - AssociaÃ§Ã£o para a InovaÃ§Ã£o e Desenvolvimento em CiÃªncia e Tecnologia
902074296;Junta de Agricultores do Regadio do Planalto de Vilar ChÃ£o e Parada
600085317;Agrupamento de Escolas TemplÃ¡rios, Tomar
513606130;Ãguas do Vale do Tejo, S. A.
506450201;Freguesia de SÃ£o Martinho do Porto
506361608;Unidade Local de SaÃºde do MÃ©dio Tejo, E. P. E.
503093742;AdP - Ãguas de Portugal, SGPS, S.A
600075508;Agrupamento de Escolas Abel Botelho, TabuaÃ§o
509186998;Centro Hospitalar Barreiro Montijo, E. P. E.
600071707;Agrupamento de Escolas n.Âº 2 de Beja
505296950;AdP Valor - ServiÃ§os Ambientais, S. A.
506728897;MunicÃ­pio de ValenÃ§a
504943782;PIEP AssociaÃ§Ã£o PÃ³lo de InovaÃ§Ã£o em Engenharia de PolÃ­meros
510833330;Freguesia de Mina de Ãgua
600072231;Agrupamento de Escolas n.Âº 1 de Abrantes
01/16/2024;
506571033;Freguesia de Calde
506321894;MunicÃ­pio de OlhÃ£o
600073041;Agrupamento de Escolas de Monserrate, Viana do Castelo
508805910;APFF - AdministraÃ§Ã£o do Porto da Figueira da Foz, S. A.
506884929;MunicÃ­pio de Celorico de Basto
507471091;Freguesia de Gandra
671001329;Secretaria Regional de Equipamentos e Infraestruturas
501121030;Municipio de Idanha-a-Nova
504643118;AssociaÃ§Ã£o para o Ensino Bento de Jesus CaraÃ§a
500852464;Santa Casa da MisericÃ³rdia de MelgaÃ§o
514247517;Instituto de ProteÃ§Ã£o e AssistÃªncia na DoenÃ§a, I. P.
505265800;Vallis Habita, EM
506192164;MunicÃ­pio de Penamacor
505330334;MunicÃ­pio de Cabeceiras de Basto
511010435;EEM - Empresa de Electricidade da Madeira, S. A.
503279765;MunicÃ­pio de MÃ©rtola
501121536;MunicÃ­pio de Torre de Moncorvo
600041212;ServiÃ§os de AÃ§Ã£o Social do Instituto PolitÃ©cnico de Viana do Castelo
506814343;MunicÃ­pio de MaÃ§Ã£o
503532479;EspaÃ§o t - AssociaÃ§Ã£o para Apoio Ã  IntegraÃ§Ã£o Social e ComunitÃ¡ria
511236417;MunicÃ­pio da Ribeira Brava
504763202;Ãguas de Gaia, E. M., S. A.
600032205;Secretaria-Geral do MinistÃ©rio da Defesa Nacional
505462583;ESPAÃO MUNICIPAL RENOVAÃÃO URBANA E GESTÃO DO PATRIMÃNIO
502150319;MunicÃ­pio de AlcÃ¡cer do Sal
510089224;Instituto PortuguÃªs do Desporto e Juventude, I. P.
506746860;APCB - AssociaÃ§Ã£o de Paralisia Cerebral de Braga
501091823;CÃ¢mara Municipal de Felgueiras
510342647;Instituto da ConservaÃ§Ã£o da Natureza e das Florestas, I. P.
680017550;ServiÃ§os Municipalizados de Ãgua e Saneamento da CÃ¢mara Municipal de Leiria
501202021;APL - AdministraÃ§Ã£o do Porto de Lisboa, S. A.
514280956;Empresa Municipal de Ambiente do Porto, E. M., S. A.
506556590;MUNICÃPIO DE ESTREMOZ
510840515;UniÃ£o das Freguesias de Tondela e Nandufe
600021777;Escola SecundÃ¡ria Rocha Peixoto, PÃ³voa de Varzim
506632938;MunicÃ­pio de Paredes de Coura
600011712;PolÃ­cia JudiciÃ¡ria
600083560;Agrupamento de Escolas de Fazendas de Almeirim, Almeirim
506361659;Centro Hospitalar UniversitÃ¡rio Cova da Beira, E. P. E.
600077080;Agrupamento Vertical de Canelas
501073663;MunicÃ­pio de Penafiel
502423943;Instituto PortuguÃªs do Sangue e TransplantaÃ§Ã£o, IP
672000830;Assembleia Legislativa da RegiÃ£o AutÃ³noma dos AÃ§ores
01/18/2024;
510834620;UniÃ£o das Freguesias de Arez e Amieira do Tejo
508345464;AR - Ãguas do Ribatejo, E. I. M., S. A.
506905713;Freguesia de Rio de Loba
506810496;Freguesia de Campolide
600039366;ServiÃ§os de AcÃ§Ã£o Social da Universidade de TrÃ¡s-os-Montes e Alto Douro
506907619;MunicÃ­pio de Terras de Bouro
506896625;MunicÃ­pio de Vila Nova de Cerveira
506876330;MunicÃ­pio de Ourique
600084248;Agrupamento de Escolas de Mangualde
506797627;MunicÃ­pio de Amares
510345271;Instituto Nacional de InvestigaÃ§Ã£o AgrÃ¡ria e VeterinÃ¡ria, I. P.
600074986;Agrupamento de Escolas Martinho Ãrias, Soure
600075540;Agrupamento de Escolas de BÃºzio, Vale de Cambra
501067191;Municipio de Tavira
516150359;TML - Transportes Metropolitanos de Lisboa, E. M. T., S. A.
600006662;PolÃ­cia de SeguranÃ§a PÃºblica
510836410;UniÃ£o das Freguesias de CustÃ³ias, LeÃ§a do Balio e GuifÃµes
501222634;MunicÃ­pio de Caldas da Rainha
509214614;AssociaÃ§Ã£o de BeneficiÃ¡rios do Vale da VilariÃ§a
672000636;Escola SecundÃ¡ria Manuel de Arriaga, Horta
501394192;AssociaÃ§Ã£o de MunicÃ­pios para a GestÃ£o SustentÃ¡vel de ResÃ­duos do Grande Porto - LIPOR
501058834;Teatro Nacional D. Maria II, E. P. E.
508519713;Instituto PolitÃ©cnico de Lisboa
510835660;UniÃ£o das Freguesias de Carnaxide e Queijas
507013212;HabÃ©vora - GestÃ£o Habitacional, Unipessoal Limitada, E. M.
600077268;Agrupamento de Escolas de Miranda do Corvo
506722422;MunicÃ­pio de Coruche
510834850;UniÃ£o das Freguesias de Azueira e Sobral da Abelheira
600000869;Secretaria-Geral da PresidÃªncia da RepÃºblica
502784083;Faculdade de Arquitetura da Universidade de Lisboa
517091178;MENAC - Mecanismo Nacional AnticorrupÃ§Ã£o
504739506;Instituto dos Mercados PÃºblicos, do ImobiliÃ¡rio e da ConstruÃ§Ã£o, I. P.
506614913;MunicÃ­pio de Vila Franca de Xira
600072819;Agrupamento Vertical de Escolas de Arga e Lima
503941565;Promotorres, E. M.
600081109;Gabinete do SecretÃ¡rio de Estado do Turismo, ComÃ©rcio e ServiÃ§os
510837824;UniÃ£o das Freguesias de Matosinhos e LeÃ§a da Palmeira
506676056;MUNICÃPIO DE BENAVENTE
505993082;VimÃ¡gua - Empresa de Ãgua e Saneamento de GuimarÃ£es e Vizela, E. I. M., S. A.
600021610;Estado-Maior do ExÃ©rcito
500463964;Teatro Circo de Braga, E. M., S. A.
507012100;MunicÃ­pio da NazarÃ©
506684920;MunicÃ­pio de Carregal do Sal
509020690;Comunidade Intermunicipal do Alto Alentejo
600077110;Agrupamento de Escolas de Alcanena
509107630;AdRA - Ãguas da RegiÃ£o de Aveiro, S. A.
600084809;DireÃ§Ã£o-Geral da EducaÃ§Ã£o
506613461;MunicÃ­pio de Vila ViÃ§osa
504616129;Profisousa - AssociaÃ§Ã£o de Ensino Profissional do Vale do Sousa
501205551;MunicÃ­pio de Chaves
501350187;Escola das Virtudes - Cooperativa de Ensino Polivalente ArtÃ­stico, C. R. L.
680012907;SERVIÃOS MUNICIPALIZADOS DE SANEAMENTO BÃSICO DE VIANA DO CASTELO
510834140;UniÃ£o das Freguesias de AlgÃ©s, Linda-a-Velha e Cruz Quebrada/Dafundo
600081273;Agrupamento de Escolas de IdÃ£es
510156215;Conselho das FinanÃ§as PÃºblicas
501863940;ASSOL - AssociaÃ§Ã£o de Solidariedade Social de LafÃµes
672002434;Escola BÃ¡sica e SecundÃ¡ria de Velas
510839789;UniÃ£o das Freguesias de SÃ£o JoÃ£o das Lampas e Terrugem
517622610;ComissÃ£o de CoordenaÃ§Ã£o e Desenvolvimento Regional de Lisboa e Vale do Tejo, I. P.
506818098;MunicÃ­pio de Ribeira de Pena
501755624;AssociaÃ§Ã£o Recreativa e Cultural de Guilhadezes
504699326;EPT - Ensino Profissional de Tomar, L.da
501306870;MunicÃ­pio de Santo Tirso
600074595;Agrupamento de Escolas de Salvaterra de Magos
600077241;Agrupamento de Escolas de Arouca
600045234;DireÃ§Ã£o-Geral de AlimentaÃ§Ã£o e VeterinÃ¡ria
506605752;Freguesia de Odivelas
510833101;Freguesia de Falagueira-Venda Nova
506821480;Municipio de Azambuja
600081052;Entidade Reguladora para a ComunicaÃ§Ã£o Social
510745997;Unidade Local de SaÃºde do Algarve, E. P. E.
502266694;Comunidade Intermunicipal do Oeste
517097699;ISCTE - AssociaÃ§Ã£o para a TransformaÃ§Ã£o Digital
506816184;MunicÃ­pio de AlmodÃ´var
506632920;MunicÃ­pio da PÃ³voa de Lanhoso
510123210;Centro Hospitalar do Baixo Vouga, E. P. E.
514077646;FundaÃ§Ã£o Nuno Silveira
511090145;Startup Madeira - More than ideias, L.da
600067920;Escola Profissional de Desenvolvimento Rural de GrÃ¢ndola
511217315;MunicÃ­pio do Funchal
600009920;Escola SecundÃ¡ria Adolfo Portela, Ãgueda
501175229;MunicÃ­pio de Campo Maior
506851168;MunicÃ­pio de Mogadouro
516487493;Hospital de Vila Franca de Xira, E.P.E.
502444010;Tratolixo - Tratamento de Residuos SÃ³lidos, E. I. M. - Empresa Intermunicipal, S. A.
01/24/2024;
506780902;MunicÃ­pio do Cartaxo
510832806;Freguesia de Alvalade
600070476;Agrupamento de Escolas Arquiteto Fernando TÃ¡vora, GuimarÃ£es
600078965;Agrupamento de Escolas do Cerco, Porto
503135593;AdministraÃ§Ã£o Regional de SaÃºde do Norte, I. P.
501273433;MunicÃ­pio de Almeirim
510837581;UniÃ£o das Freguesias de Lomar e Arcos
508203970;Instituto Nacional de Medicina Legal e CiÃªncias Forenses, I. P.
506854647;Freguesia de Verdoejo
506916880;Freguesia de Pinhal Novo
504514547;AssociaÃ§Ã£o para FormaÃ§Ã£o Profissional e Desenvolvimento do Montijo
506806944;MunicÃ­pio de TÃ¡bua
680015019;ServiÃ§os Intermunicipalizados de Ãgua e Saneamento dos MunicÃ­pios de Oeiras e Amadora
680017542;ServiÃ§os Municipalizados da CÃ¢mara Municipal de Abrantes
507974530;ACLEM - Arte, Cultura e Lazer, Empresa Municipal, E. M.
600078051;Agrupamento de Escolas de Valongo do Vouga, Ãgueda
505002892;INOV - Instituto de Engenharia de Sistemas e Computadores InovaÃ§Ã£o
600028348;Instituto PolitÃ©cnico de Portalegre
600078086;Agrupamento Escolas de Colmeias
600074358;Agrupamento de Escolas de Barroselas, Viana do Castelo
507144775;Freguesia de AdaÃºfe
600075699;Agrupamento de Escolas de Vila Flor
504597221;Matosinhoshabit-MH, Empresa Municipal de HabitaÃ§Ã£o de Matosinhos, E. M.
600081818;Agrupamento de Escolas de Miranda do Douro
500594155;CERCIMA - Cooperativa de EducaÃ§Ã£o, ReabilitaÃ§Ã£o, CapacitaÃ§Ã£o e InclusÃ£o de Montijo e Alcochete, CRL
600084817;DireÃ§Ã£o-Geral da AdministraÃ§Ã£o Escolar
508180457;OPART - Organismo de ProduÃ§Ã£o ArtÃ­stica, E. P. E.
600084892;DireÃ§Ã£o-Geral do Livro, dos Arquivos e das Bibliotecas
600081290;Agrupamento de Escolas de Porto de MÃ³s
507052277;Freguesia de Fiscal
671001256;Escola BÃ¡sica e SecundÃ¡ria Dr. LuÃ­s MaurÃ­lio da Silva Dantas
600085643;Agrupamento de Escolas Garcia de Orta, Porto
600019039;Supremo Tribunal de JustiÃ§a
510835155;Freguesia de Bougado (SÃ£o Martinho e Santiago)
512096481;MUSAMI - OperaÃ§Ãµes Municipais do Ambiente, E. I. M., S. A.
504609696;Pombal Prof - Sociedade de EducaÃ§Ã£o e Ensino Profissional, S. A.
600086330;Secretaria-Geral do Ambiente e da AÃ§Ã£o ClimÃ¡tica
505305500;Instituto da SeguranÃ§a Social, IP
506601455;MunicÃ­pio de TabuaÃ§o
511278241;GESBA - Empresa de GestÃ£o do Sector da Banana, L.da
680033629;ServiÃ§os Municipalizados de Setubal
510833810;UniÃ£o das Freguesias de Abrigada e Cabanas de Torres
506101347;Instituto de CiÃªncias Sociais
600084205;Agrupamento de Escolas de Terras de Bouro
508771935;Comunidade Intermunicipal da RegiÃ£o de Aveiro
503148776;Adm.Reg.de SaÃºde de Lisboa e Vale do Tejo (ARSLVT)
506684040;Centro Social e Paroquial de SÃ£o Martinho de Bougado
514310774;Ãguas do Douro e Paiva, S. A.
506572218;MunicÃ­pio de Lamego
506696464;MunicÃ­pio de Vila Flor
600078108;Agrupamento de Escolas da Batalha
504885855;CASFIG - CoordenaÃ§Ã£o de Ãmbito Social e Financeiro das HabitaÃ§Ãµes do MunicÃ­pio de GuimarÃ£es, E. M., Unipessoal, L.da
600082563;Autoridade Nacional de SeguranÃ§a RodoviÃ¡ria
505279460;MunicÃ­pio de Lousada
600087581;LaboratÃ³rio Nacional do Medicamento
600037100;DireÃ§Ã£o-Geral da SaÃºde
672002744;DireÃ§Ã£o Regional dos Assuntos Culturais
506731324;MunicÃ­pio de Castanheira de Pera
600085880;DireÃ§Ã£o Regional do Ambiente e AlteraÃ§Ãµes ClimÃ¡ticas
600066797;Agrupamento de Escolas da Benedita, AlcobaÃ§a
506809560;MunicÃ­pio de Sousel
506215547;MunicÃ­pio de BraganÃ§a
503761877;Instituto PolitÃ©cnico de Viana do Castelo
500792887;Imprensa Nacional - Casa da Moeda, S. A.
510832890;Freguesia de Arroios
500984492;Ordem dos MÃ©dicos
506994732;Freguesia de Abade de Neiva
504667521;FESNIMA, Empresa Municipal de OlhÃ£o, E. M.
501170162;MunicÃ­pio de MarvÃ£o
505307685;MunicÃ­pio de Arruda dos Vinhos
506858308;Freguesia de FernÃ£o Ferro
501306234;MunicÃ­pio de Oliveira de Frades
502662875;Faculdade Medicina Universidade de Lisboa
500192855;Metropolitano de Lisboa, E. P. E.
511010400;AssociaÃ§Ã£o de Socorros MÃºtuos - 4 de Setembro de 1862
501540709;Instituto Superior de Engenharia do Porto
501132554;Freguesia de AlcÃ¢ntara
502854200;Instituto de TelecomunicaÃ§Ãµes
01/25/2024;
503154911;AssociaÃ§Ã£o Para O Desenvolvimento De Figueira
501227490;MunicÃ­pio de Ferreira do Alentejo
600081346;Agrupamento de Escolas de Castro Verde
500225680;RÃ¡dio e TelevisÃ£o de Portugal, SA
600084388;Agrupamento de Escolas de Seia
505991527;EMAS-Empresa Municipal de Ãgua e Saneam. de Beja
672002612;Escola BÃ¡sica Integrada de Lagoa
514387130;Ãguas do Tejo AtlÃ¢ntico, SA
501426892;FundaÃ§Ã£o Irene Rolo
506811662;MunicÃ­pio de Sabugal
600087093;DireÃ§Ã£o Regional de organizaÃ§Ã£o e AdministraÃ§Ã£o PÃºblica
501135960;MunicÃ­pio de Castro Verde
515957631;Ãguas PÃºblicas da Serra da Estrela, SA
600081850;Agrupamento de Escolas VirgÃ­nia Moura, GuimarÃ£es
506362299;Instituto PortuguÃªs de Oncologia do Porto Francisco Gentil, E. P. E.
505592959;CÃ¢mara Municipal de Fornos de Algodres
504646834;APPACDM de Portalegre - AssociaÃ§Ã£o Portuguesa de Pais e Amigos do CidadÃ£o Deficiente Mental
501143734;MunicÃ­pio de Vidigueira
600074242;Agrupamento de Escolas de Loureiro, Oliveira de AzemÃ©is
672002256;Escola BÃ¡sica Integrada da Maia, Ribeira Grande
506865517;MunicÃ­pio de GaviÃ£o
600014665;Secretaria-Geral do MinistÃ©rio da AdministraÃ§Ã£o Interna
511239068;MunicÃ­pio do Porto Moniz
01/23/2024;
505387131;MunicÃ­pio da Maia
600084230;Agrupamento de Escolas de Cabeceiras de Basto
506673626;MunicÃ­pio do Barreiro
502676205;Centro Social e Paroquial Nossa Senhora da Boavista
600086020;DireÃ§Ã£o-Geral dos Estabelecimentos Escolares
600084124;Agrupamento de Escolas de Bemposta, PortimÃ£o
506790622;Freguesia de Oliveira do Douro
512105413;AgÃªncia para a ModernizaÃ§Ã£o Administrativa e Qualidade do ServiÃ§o ao CidadÃ£o, I. P. - RIAC
510838332;UniÃ£o das Freguesias de Oeiras e SÃ£o JuliÃ£o da Barra, PaÃ§o de Arcos e Caxias
503190985;A Oficina Centro de Artes e Mesteres Tradicionais de GuimarÃ£es, CIPRL
600076598;Agrupamento de Escolas de ValpaÃ§os
517638754;ComissÃ£o de CoordenaÃ§Ã£o e Desenvolvimento Regional do Centro, I. P.
506753905;MunicÃ­pio de Tarouca
506302970;Municipio de Oliveira de AzemÃ©is
671001280;ConservatÃ³rio - Escola Profissional das Artes, Engenheiro LuÃ­z Peter Clode
502593822;CENTIMFE - Centro TecnolÃ³gico da IndÃºstria de Moldes, Ferramentas Especiais e PlÃ¡sticos
501356126;Instituto Nacional de EmergÃªncia MÃ©dica, I. P.
501834117;MunicÃ­pio de Redondo
510839550;UniÃ£o das Freguesias de Santa Maria da Feira, Travanca, Sanfins e Espargo
501937471;MunicÃ­pio de MonÃ§Ã£o
600019454;Escola SecundÃ¡ria InÃªs de Castro, Canidelo - Vila Nova de Gaia
502130040;MunicÃ­pio de Santiago do CacÃ©m
505456010;MunicÃ­pio da Amadora
600075648;Agrupamento de Escolas de Moimenta da Beira
600074340;Agrupamento de Escolas Pioneiros da AviaÃ§Ã£o Portuguesa
600084540;Gabinete da SecretÃ¡ria de Estado da Energia e Clima
508754275;Unidade Local de SaÃºde do Baixo Alentejo, E. P. E.
506833224;MunicÃ­pio de Vila Real de Santo AntÃ³nio
508519667;AssociaÃ§Ã£o Renovar a Mouraria
506091481;INOVA, Empresa de Desenvolvimento EconÃ³mico e Social de Cantanhede, EM-SA
600081583;Escola Superior de Enfermagem de Coimbra
600008690;Tribunal da RelaÃ§Ã£o de Coimbra
504497782;Ambifaro - GestÃ£o de Equipamentos Municipais, E. M.
600078507;Agrupamento de Escolas de Vale de Ovil, BaiÃ£o
600085864;DireÃ§Ã£o Regional das Pescas
512017050;Universidade dos AÃ§ores
600076270;Agrupamento de Escolas de Vieira de Leiria, Marinha Grande
507031059;Instituto PortuguÃªs de AcreditaÃ§Ã£o, I. P.
506659968;MunicÃ­pio do Crato
01/31/2024;
516726862;Unidade Local de SaÃºde de Loures-Odivelas, E. P. E.
505493870;LoulÃ© Concelho Global, E. M., Unipessoal, S. A.
509906478;Centro de FormaÃ§Ã£o Profissional da IndÃºstria TÃªxtil, VestuÃ¡rio, ConfecÃ§Ã£o e LanifÃ­cios (Modatex)
508666236;Instituto do Turismo de Portugal, I. P.
511240112;MunicÃ­pio de SÃ£o Vicente
501603409;Cinemateca Portuguesa - Museu do Cinema, I. P.
600083861;Faculdade de Psicologia da Universidade de Lisboa
01/30/2024;
600035972;DireÃ§Ã£o-Geral das Autarquias Locais
503828360;IBMC
600010686;ForÃ§a AÃ©rea Portuguesa
512042659;MunicÃ­pio de Nordeste
600015300;DireÃ§Ã£o-Geral do OrÃ§amento
503813630;ASSOCIAÃÃO DE SURDOS PORTO
506084361;Entidade Nacional para o Setor EnergÃ©tico, E. P. E.
600086305;TEATRO MUNICIPAL DE FARO-SM
504748114;Desmor, E. M., S. A.
504288806;Autoridade Nacional de AviaÃ§Ã£o Civil
600074706;Agrupamento de Escolas de Vale de MilhaÃ§os, Seixal
600010791;Escola SecundÃ¡ria Martins Sarmento, GuimarÃ£es
600000788;Escola SecundÃ¡ria Afonso Lopes Vieira, Leiria
507142217;Fagar - Faro, GestÃ£o de Ãguas e ResÃ­duos, E. M.
506651541;MunicÃ­pio de Penedono
600076008;Agrupamento de Escolas General Serpa Pinto
501280740;MunicÃ­pio de OurÃ©m
600079104;Agrupamento de Escolas Vale de S. Torcato
600087220;Autoridade para a PrevenÃ§Ã£o e o Combate Ã  ViolÃªncia no Desporto
680019600;ServiÃ§os Municipalizados da CÃ¢mara Municipal de Peniche
506812820;MunicÃ­pio de Peniche
501903623;Citeforma - Centro de FormaÃ§Ã£o Profissional dos Trabalhadores de EscritÃ³rio, ComÃ©rcio, ServiÃ§os e Novas Tecnologias
600052737;ServiÃ§os de AÃ§Ã£o Social do Instituto PolitÃ©cnico de Coimbra
512069794;Fundo Regional para a CiÃªncia e Tecnologia
01/26/2024;
512043701;MunicÃ­pio de Vila Franca do Campo
680014942;ServiÃ§os Municipalizados de AlcobaÃ§a
508789230;RegiÃ£o de Turismo do Algarve
504646729;APPACDM de Coimbra - AssociaÃ§Ã£o Portuguesa de Pais e Amigos do CidadÃ£o Deficiente Mental
508754496;Comunidade Intermunicipal do Alto Minho
508968291;Ordem dos PsicÃ³logos Portugueses
510833543;Freguesia de Requeixo, Nossa Senhora de FÃ¡tima e Nariz
510833071;Freguesia de Encosta do Sol
510839614;UniÃ£o de Freguesias da Cidade de SantarÃ©m
680015124;SERVIÃOS MUNICIPALIZADOS DE ELECTRICIDADE, ÃGUA E SANEAMENTO DA MAIA
514385901;SIMARSUL - Saneamento da PenÃ­nsula de SetÃºbal, S. A.
501460756;Cercipenela - Cooperativa para a EducaÃ§Ã£o e ReabilitaÃ§Ã£o de CidadÃ£os Inadaptados de Penela, C. R. L.
600082970;Agrupamento de Escolas Padre JoÃ£o Coelho Cabanita, LoulÃ©
506874915;GIATUL - Atividades LÃºdicas, Infraestruturas e Rodovias, E. M., S. A.
509364390;CIMAC - Comunidade Intermunicipal do Alentejo Central
600014002;Instituto da Defesa Nacional
510762980;ServiÃ§os de AÃ§Ã£o Social da Universidade de Lisboa
508188423;AdministraÃ§Ã£o Central do Sistema de SaÃºde, I. P.
501692983;EDM - Empresa de Desenvolvimento Mineiro, S. A.
506755150;MunicÃ­pio de Salvaterra de Magos
672001012;DireÃ§Ã£o Regional de Apoio ao Investimento e Ã  Competitividade
514797240;AgÃªncia para a GestÃ£o Integrada de Fogos Rurais, I. P.
505285304;Freguesia de Vreia de Jales
506912833;MunicÃ­pio de Vagos
600087301;Autoridade Antidopagem de Portugal
600078558;Agrupamento de Escolas Leonardo Coimbra-Filho
503219924;MunicÃ­pio de SÃ£o BrÃ¡s de Alportel
501510184;Iscte - Instituto UniversitÃ¡rio de Lisboa
501086803;Centro Social de Paramos
503730947;BRAVAL - ValorizaÃ§Ã£o e Tratamento de ResÃ­duos SÃ³lidos, S. A.
512105030;Hospital de Santo EspÃ­rito da Ilha Terceira, E. P. E. R.
503122165;AdministraÃ§Ã£o Regional de SaÃºde do Centro, I. P.
506826546;MunicÃ­pio de ConstÃ¢ncia
680021892;ServiÃ§os Municipalizados de Ãgua e Saneamento de Vila Franca de Xira
510835791;UniÃ£o das Freguesias de Cascais e Estoril
600071332;Agrupamento de Escolas n.Âº 1 de Beja
501668454;AIDA CCI-CÃMARA DE COMÃRCIO INDUSTRIA DO DISTRITO DE AVEIRO
507417216;Freguesia da Carvoeira
02/02/2024;
502227842;Empreendimentos HidroelÃ©ctricos do Alto TÃ¢mega e Barroso, S. A.
501112049;MunicÃ­pio de Serpa
600082440;DireÃ§Ã£o-Geral de Agricultura e Desenvolvimento Rural
600018466;Conselho Superior da Magistratura
600085511;Agrupamento de Escolas do FundÃ£o
502110660;Universidade Aberta
600076776;Agrupamento de Escolas de SÃ¡tÃ£o
600037002;INFARMED - Autoridade Nacional do Medicamento e Produtos de SaÃºde, I. P.
600085350;Agrupamento de Escolas JoÃ£o de Deus, Faro
501066004;FundaÃ§Ã£o Manuel BrandÃ£o
501688013;AssociaÃ§Ã£o CristÃ£ da Mocidade de SetÃºbal
504537784;BRAGAHABIT - Empresa Municipal de HabitaÃ§Ã£o de Braga, E. M.
600073939;Agrupamento de Escolas Maria do Carmo Serrote, Sesimbra
600087131;DireÃ§Ã£o Regional do Emprego e QualificaÃ§Ã£o Profissional
506642798;CÃ¢mara Municipal de Vila Velha de RÃ³dÃ£o
506874320;MunicÃ­pio de ValpaÃ§os
512063770;MunicÃ­pio de Vila do Porto
517638827;ComissÃ£o de CoordenaÃ§Ã£o e Desenvolvimento Regional do Algarve, I.P.
600087689;ServiÃ§os Municipalizados de Ãgua e Saneamento do MunicÃ­pio de Paredes
505170876;MunicÃ­pio de Lagos
508887780;Comunidade Intermunicipal do Ave
512074143;MunicÃ­pio das Lajes do Pico
506695956;MunicÃ­pio de Belmonte
501190082;MunicÃ­pio de Estarreja
600084639;Gabinete do SecretÃ¡rio de Estado da SeguranÃ§a Social
507103742;MunicÃ­pio de Soure
02/06/2024;
600084108;Agrupamento de Escolas de Penacova
508423406;Switch On - Academia de FormaÃ§Ã£o, Unipessoal, L.da
600076920;Agrupamento de Escolas D. Pedro IV, Vila do Conde
510837905;UniÃ£o das Freguesias de Merelim (SÃ£o Paio), Panoias e Parada de TibÃ£es
505592940;MunicÃ­pio de MelgaÃ§o
600082105;Agrupamento de Escolas de Vila Cova, Barcelos
600076237;Agrupamento de Escolas Miguel Torga, Sabrosa
600084337;Agrupamento de Escolas Dr.Âª Laura Ayres
516033727;AssociaÃ§Ã£o BIOPOLIS
02/05/2024;
507938119;Junta de Freguesia de Gave
516839268;BIKINNOV - BIKE VALUE INNOVATION CENTER - ASSOCIATION
510839665;UniÃ£o das Freguesias de Santo AntÃ³nio dos Cavaleiros e Frielas
680026010;Teatro JosÃ© LÃºcio da Silva
503298484;MARÃ - Mercado Abastecedor da RegiÃ£o de Ãvora, S. A.
511270305;Instituto do Vinho, do Bordado e do Artesanato da Madeira, IP-RAM
505098954;EAS - Empresa de Ambiente na SaÃºde, Unipessoal, L.da
514313420;CEFPI - Centro de EducaÃ§Ã£o e FormaÃ§Ã£o Profissional Integrada
506809331;Freguesia de Remelhe
510834990;UniÃ£o das Freguesias de Barroselas e Carvoeiro
680017763;ServiÃ§os Municipalizados de Ãgua e Saneamento de Almada
600085406;Agrupamento de Escolas Joaquim de AraÃºjo, Guilhufe, Penafiel
512103097;Hospital do Divino EspÃ­rito Santo de Ponta Delgada, E. P. E. R.
501294163;MunicÃ­pio de Anadia
500715505;Instituto de GestÃ£o Financeira da SeguranÃ§a Social, I. P.
600085449;Agrupamento de Escolas Alcaides de Faria
600077217;Agrupamento de Escolas de PaÃ§o de Sousa, Penafiel
501066152;CERCI Flor da Vida - Cooperativa para a EducaÃ§Ã£o e ReabilitaÃ§Ã£o de CrianÃ§as Inadaptadas, C. R. L.
600014576;Secretaria-Geral do MinistÃ©rio dos NegÃ³cios Estrangeiros
508184509;AgÃªncia para a ModernizaÃ§Ã£o Administrativa, I.P.
507682734;CENTITVC - Centro de Nanotecnologia e Materiais TÃ©cnicos, Funcionais e Inteligentes
501427511;Instituto Nacional de SaÃºde Doutor Ricardo Jorge, IP
02/08/2024;
506666018;MunicÃ­pio de Carrazeda de AnsiÃ£es
600084213;Agrupamento de Escolas AntÃ³nio Nobre, Porto
501453180;Freguesia de CortegaÃ§a
600080811;Agrupamento de Escolas Lima-de-Faria, Cantanhede
600077594;Agrupamento de Escolas Alberto Sampaio, Braga
501110801;Freguesia de Barrancos
508741823;Centro Hospitalar PÃ³voa de Varzim/Vila do Conde, EPE
504152980;Instituto PolitÃ©cnico de Castelo Branco
504841700;Varzim Lazer - Empresa Municipal de GestÃ£o de Equipamentos Desportivos e de Lazer, E. E. M.
501886354;Centro de FormaÃ§Ã£o Profissional para a IndÃºstria de CerÃ¢mica - Cencal
600077152;Agrupamento de Escolas de Real, Braga
600084914;DireÃ§Ã£o-Geral do PatrimÃ³nio Cultural
600084086;Agrupamento de Escolas de Coruche
501275380;MunicÃ­pio de Condeixa-a-Nova
508761395;PRODUTECH - AssociaÃ§Ã£o para as Tecnologias de ProduÃ§Ã£o SustentÃ¡vel
508817897;Turismo do Alentejo, E. R. T.
501373357;IAPMEI, I.P., AgÃªncia para a Competitividade e InovaÃ§Ã£o, I.P.
506916910;Freguesia de Vermoim
508977495;InovCluster - AssociaÃ§Ã£o do Cluster Agro-Industrial do Centro
506791220;MunicÃ­pio da Moita
506882799;Freguesia de AlgueirÃ£o-Mem Martins
600076318;Agrupamento de Escolas de Carrazeda de AnsiÃ£es
512076278;AssociaÃ§Ã£o Visit Azores
600086291;Gabinete do Ministro do Ambiente e da AÃ§Ã£o ClimÃ¡tica
510833632;Freguesia de SÃ£o Vicente
506922227;Freguesia de MontalvÃ£o
509133843;AgdA - Ãguas PÃºblicas do Alentejo, S. A.
600082318;Agrupamento de Escolas n.Âº 2 de Ãvora
600077128;Agrupamento de Escolas Diogo CÃ£o, Vila Real
501926895;Centro de FormaÃ§Ã£o Profissional da ReparaÃ§Ã£o AutomÃ³vel
501121528;MunicÃ­pio da LousÃ£
505812630;ADREPES - AssociaÃ§Ã£o de Desenvolvimento Regional da PenÃ­nsula de SetÃºbal
503966908;Teatro Nacional de SÃ£o JoÃ£o, E. P. E.
600085139;Agrupamento de Escolas Ferreira de Castro, Oliveira de AzemÃ©is
01/22/2024;
503148768;AdministraÃ§Ã£o Regional de SaÃºde do Alentejo, I. P.
510265600;Instituto PortuguÃªs do Mar e da Atmosfera, I. P.
02/09/2024;
600082164;Agrupamento de Escolas de GaviÃ£o
503683388;CEFOSAP - Centro de FormaÃ§Ã£o Sindical e AperfeiÃ§oamento Profissional
510834213;UniÃ£o das Freguesias de Aljustrel e Rio de Moinhos
500745749;Cruz Vermelha Portuguesa
505060868;Maiambiente, E. M.
501437029;AssociaÃ§Ã£o Social Recreativa Cultural e Bem Fazer Vai Avante
503310557;Beira Serra - AssociaÃ§Ã£o Promotora do Desenvolvimento Rural Integrado
600078329;Agrupamento de Escolas de Trigal de Santa Maria, Braga
600072541;Agrupamento de Escolas Dr. Francisco Sanches, Braga
600067971;Escola Profis Agricultura Desenv. Rural Ponte Lima
513966927;AssociaÃ§Ã£o de MunicÃ­pios Parque das Serras do Porto
511026340;HorÃ¡rios do Funchal - Transportes PÃºblicos, S. A.
507297911;Freguesia de Unhais da Serra
506612287;MunicÃ­pio de Nisa
600086631;Instituto de GestÃ£o Financeira da EducaÃ§Ã£o, I. P.
506967107;MunicÃ­pio de Mondim de Basto
501118870;Santa Casa da MisericÃ³rdia de Vila ViÃ§osa
508984009;Freguesia de Aborim
600076300;Agrupamento de Escolas Professor AntÃ³nio da Natividade, MesÃ£o Frio
900220538;Centro FormaÃ§Ã£o Profissional IndÃºstria de CortiÃ§a
600078205;Agrupamento de Escolas do Sudeste de BaiÃ£o
600078337;Agrupamento de Escolas de Vila Nova de Cerveira
600079090;Agrupamento de Escolas do Viso, Porto
680038671;INSTITUTO POLITÃCNICO DE BEJA 
501107169;INESC - Instituto de Engenharia de Sistemas e Computadores
505506149;ETPR - Escola TÃ©cnica e Profissional do Ribatejo, S. A.
506849171;Freguesia de Loures
502665203;Rolpel - Sociedade Transf. Papel, Lda
502549254;ComissÃ£o do Mercado de Valores MobiliÃ¡rios
600087115;ServiÃ§o Regional de EstatÃ­stica dos AÃ§ores
600084132;Agrupamento de Escolas Dr. JoÃ£o AraÃºjo Correia, Peso da RÃ©gua
501272968;MunicÃ­pio de Elvas
507212290;Freguesia de Pessegueiro do Vouga
510832911;Freguesia de AssunÃ§Ã£o, Ajuda, Salvador e Santo Ildefonso
508331471;Centro Hospitalar UniversitÃ¡rio do Porto, E. P. E.
600082580;DireÃ§Ã£o-Geral das Atividades EconÃ³micas
501471189;Cercimarante
503657190;Escola Nacional de Bombeiros
600084523;Gabinete do SecretÃ¡rio de Estado do Mar
507084233;Freguesia de Lousa
506792404;MunicÃ­pio de Penalva do Castelo
500224200;MCPF - ColÃ©gio Internato dos Carvalhos
505772302;APPDA-Coimbra, AssociaÃ§Ã£o Portuguesa para as PerurbaÃ§Ãµes do Desenvolvimento e Autismo de Coimbra
506632946;MunicÃ­pio de Manteigas
506810267;MunicÃ­pio de Vila Pouca de Aguiar
501143718;MunicÃ­pio de Portalegre
500963126;Ordem dos Solicitadores e dos Agentes de ExecuÃ§Ã£o
507031334;Freguesia de SÃ£o Salvador
506361527;Unidade Local de SaÃºde do Baixo Mondego, E. P. E. 
501541969;Banda Velha UniÃ£o Sanjoanense
504374400;Centro CiÃªncia Viva de Estremoz
512075506;MunicÃ­pio de Velas
506693651;MunicÃ­pio de CinfÃ£es
501305564;MunicÃ­pio da Chamusca
516480430;Instituto Nacional de AdministraÃ§Ã£o, I. P.
503681490;Entidade Reguladora dos ServiÃ§os EnergÃ©ticos
501056246;UMAR - UniÃ£o de Mulheres Alternativa e Resposta
600075680;Agrupamento de Escolas de Montemor-o-Velho
507252993;Freguesia de SÃ£o JoÃ£o de Tarouca
503024260;ANI - AgÃªncia Nacional de InovaÃ§Ã£o, S. A.
502772271;APCTP - AssociaÃ§Ã£o do Parque de CiÃªncia e Tecnologia do Porto
513798773;Artemrede - Teatros Associados
506627888;MunicÃ­pio de Vimioso
504695037;SODENFOR - Sociedade Difusora de Ensino da Figueira da Foz, L.da
515316881;AssociaÃ§Ã£o BIOREF - LaboratÃ³rio Colaborativo para as Biorrefinarias
515674036;AssociaÃ§Ã£o BUILT CoLAB - Collaborative Laboratory for the Future Built Environment
510841350;UniÃ£o das Freguesias do Seixal, Arrentela e Aldeia de Paio Pires
507091574;Freguesia de Cristelo
512065047;MunicÃ­pio da PovoaÃ§Ã£o
507873440;Freguesia de Murtede
504035541;Faculdade de Belas-Artes (FBA)
510841180;UniÃ£o de Freguesias de Vilar de Besteiros e Mosteiro de FrÃ¡guas
506909379;Freguesia de Rio Tinto
506843190;MunicÃ­pio de Armamar
502639709;Centro de PromoÃ§Ã£o Social
512097780;Praia Ambiente, E. M.
600087107;DireÃ§Ã£o Regional do Desporto
600082822;Agrupamento de Escolas D. Dinis, LoulÃ©
504341111;Magensinus - Empresa Promotora de ServiÃ§iÃ§os de Ensino, S. A.
503236500;AssociaÃ§Ã£o de Desenvolvimento Montes Claros
510445152;Unidade Local de SaÃºde do Litoral Alentejano, E. P. E.
502675870;Prodeso - Ensino Profissional, E. M., L.da
900106590;Centro de FormaÃ§Ã£o Profissional da IndÃºstria de CalÃ§ado
510856977;Freguesia de Santa Clara
600020282;Escola SecundÃ¡ria CamÃµes, Lisboa
01/29/2024;
600056120;Gabinete Nacional de SeguranÃ§a
510835074;UniÃ£o das Freguesias de Benavila e Valongo
508787033;Comunidade Intermunicipal da LezÃ­ria do Tejo
500965099;Ordem dos Advogados
510833837;Freguesia de Achete, AzÃ³ia de Baixo e PÃ³voa de SantarÃ©m
504575848;E. P. F. - Ensino Profissional de Felgueiras, E. M., Unipessoal, L.da
510834914;UniÃ£o das Freguesias de Barcel, Marmelos e Valverde da Gestosa
507646908;Freguesia de Sanfins do Douro
600085554;Agrupamento de Escolas Padre Benjamim Salgado, Vila Nova de FamalicÃ£o
506716210;MunicÃ­pio de Castro Daire
503830704;Infraquinta, E.M.
600076105;Agrupamento de Escola de Ãlhavo
600067963;Escola Profissional de Agricultura e Desenvolvimento Rural de Cister, AlcobaÃ§a
600086402;Secretaria Regional do Mar e das Pescas
600085520;Agrupamento de Escolas Dr. JÃºlio Martins, Chaves
500875910;Santa Casa da MisericÃ³rdia de Estarreja
672000601;Escola SecundÃ¡ria JerÃ³nimo Emiliano de Andrade
600082466;DirecÃ§Ã£o Regional de Agricult.e Pescas do Centro
513266143;AssociaÃ§Ã£o ProAbraÃ§ar
504511734;Cooperativa de Ensino de Vila Nova de FamalicÃ£o, C. R. L.
600084078;Agrupamento de Escolas de Valbom
600085600;Agrupamento de Escolas Dr. AntÃ³nio Granjo, Chaves
510841015;UniÃ£o das Freguesias de Vila Cova do Covelo e Mareco
600067912;Escola Profissional de Desenvolvimento Rural de Serpa
506878872;Freguesia de Esmolfe
501063986;Santa Casa da MisericÃ³rdia de Vale de Cambra
510836704;UniÃ£o das Freguesias de Faro (SÃ© e SÃ£o Pedro)
508779472;Comunidade Intermunicipal do CÃ¡vado
680000054;ServiÃ§os Municipalizados de Ãgua e Saneamento de Sintra
507125789;Freguesia de SÃ£o Gens
600086011;Agrupamento de Escolas da Maia
515620491;ABMG - Ãguas do Baixo Mondego e GÃ¢ndara, E. I. M., S. A.
506840328;MunicÃ­pio de MesÃ£o Frio
501208950;APS - AdministraÃ§Ã£o dos Portos de Sines e do Algarve, S. A.
600085716;Agrupamento de Escolas Ãgueda Sul
501711554;Centro de FormaÃ§Ã£o Profissional para o Artesanato e PatrimÃ³nio (CEARTE)
515194280;B2E - AssociaÃ§Ã£o para a Bioeconomia Azul - LaboratÃ³rio Colaborativo
512069760;MunicÃ­pio de Santa Cruz da Graciosa
500032386;AssociaÃ§Ã£o de BeneficiÃ¡rios do Roxo
506196445;MunicÃ­pio de Portel
600085481;Agrupamento de Escolas de Amares
600079996;Agrupamento de Escolas Marquesa de Alorna
02/01/2024;
503271055;Banco PortuguÃªs de Fomento, S. A.
501389660;LNEC - LaboratÃ³rio Nacional de Engenharia Civil,IP
600019225;Escola SecundÃ¡ria Jorge Peixinho, Montijo
504617656;EPRM - Escola Profissional de Rio Maior, Lda
504190407;Ordem dos Enfermeiros
500595313;Companhia Carris de Ferro de Lisboa, E. M., S. A.
506190412;Externato Dom Fuas Roupinho, L.da
509075541;C. I. M. A. L. - Comunidade Intermunicipal do Alentejo Litoral
507410475;Freguesia de Ranhados
509521584;NazarÃ© Forma - Ensino, FormaÃ§Ã£o e CertificaÃ§Ã£o Profissional, L.da
600084256;Agrupamento de Escolas de Maximinos, Braga
501217851;Santa Casa da MisericÃ³rdia da Maia
510836127;UniÃ£o das Freguesias de CÃ´ja e Barril de Alva
600075176;Agrupamento de Escolas de MortÃ¡gua
511058900;Centro Social Paroquial do Carmo
600087123;DireÃ§Ã£o Regional dos Recursos Florestais
511244681;MunicÃ­pio de Santa Cruz
500723770;Transtejo - Transportes Tejo, S. A.
501226010;CIRE - Centro de IntegraÃ§Ã£o e ReabilitaÃ§Ã£o de Tomar
506824942;MunicÃ­pio de Sabrosa
600080552;AÃ§Ã£o Governativa - Gabinete da SecretÃ¡ria de Estado da InclusÃ£o das Pessoas com DeficiÃªncia
600084965;DireÃ§Ã£o-Geral do TerritÃ³rio
508169305;Freguesia de LoulÃ© (SÃ£o SebastiÃ£o)
502177101;MunicÃ­pio da LourinhÃ£
600075745;Agrupamento de Escolas de Ponte da Barca
600077810;Agrupamento de Escolas Tenente Coronel AdÃ£o Carrapatoso, Vila Nova de Foz CÃ´a
02/07/2024;
509761534;COMUNIDADE INTERMUNICIPAL DO BAIXO ALENTEJO
505351064;OEIRAS VIVA - GESTÃO DE EQUIPAMENTOS CULTURAIS E DESPORTIVOS, E.M.
510342191;Entidade de ServiÃ§os Partilhados da AdministraÃ§Ã£o PÃºblica, I. P.
512074771;MunicÃ­pio de SÃ£o Roque do Pico
510833934;UniÃ£o das Freguesias de Ãgueda e Borralha
501128760;Centro Bem Estar Social Padre Tobias
516264362;AssociaÃ§Ã£o Centro de CompetÃªncias FerroviÃ¡rio (CCF)
503010952;Centro Municipal de Cultura e Desenvolvimento de Idanha-a-Nova
600084400;Agrupamento de Escolas D. JoÃ£o V, Amadora
510170811;Unidade de SaÃºde da Ilha Terceira
600084906;DireÃ§Ã£o-Geral de EstatÃ­sticas da EducaÃ§Ã£o e CiÃªncia
506570304;Freguesia de PÃªra do MoÃ§o
500998760;Ordem dos FarmacÃªuticos
600081591;Agrupamento de Escolas Dr. Carlos Pinto Ferreira, Vila do Conde
513114750;SERQ - Centro de InovaÃ§Ã£o e CompetÃªncias da Floresta - AssociaÃ§Ã£o
512074089;MunicÃ­pio de Calheta SÃ£o Jorge
600078922;Agrupamento de Escolas de Mafra
504895788;Resialentejo - Tratamento e ValorizaÃ§Ã£o de ResÃ­duos, E. I. M.
600079970;Agrupamento de Escolas FernÃ£o do PÃ³, Bombarral
503190284;ASCUDT- AssociaÃ§Ã£o SÃ³cio-Cultural dos Deficientes de TrÃ¡s-os-Montes
504103032;EPB - Escola Profissional de Braga, L.da
600073890;Agrupamento de Escolas EugÃ©nio de Andrade, Porto
600077411;Agrupamento de Escolas Verde Horizonte, MaÃ§Ã£o
680047930;ServiÃ§os Municipalizados de Ãgua e Saneamento do MunicÃ­pio de Montijo
02/12/2024;
600075427;Agrupamento de Escolas de MelgaÃ§o
507395042;Freguesia de Parambos
504513184;AssociaÃ§Ã£o de Produtores Florestais da Beira Interior
511152302;Instituto de Desenvolvimento Empresarial, IP-RAM
600006700;Escola SecundÃ¡ria Henrique Medina, Esposende
600017753;Escola SecundÃ¡ria Campos de Melo, CovilhÃ£
600078310;Agrupamento de Escolas de Braga Oeste
600078990;Agrupamento de Escolas D. Maria II, Braga
600041247;Escola ArtÃ­stica do ConservatÃ³rio de MÃºsica Calouste Gulbenkian, Braga
600079619;Agrupamento de Escolas de Prado, Vila Verde
600085678;Agrupamento de Escolas de Fafe
02/14/2024;
600084795;DireÃ§Ã£o-Geral de PolÃ­tica do Mar
510840019;UniÃ£o das Freguesias de SÃ©, Santa Maria e Meixedo
507567692;Freguesia de Pinheiro
600084515;Gabinete do SecretÃ¡rio de Estado do Trabalho
506809765;Freguesia de Amora
515095664;FORESTWISE - AssociaÃ§Ã£o para o LaboratÃ³rio Colaborativo para a GestÃ£o Integrada da Floresta e do Fogo
503935107;Lusa - AgÃªncia de NotÃ­cias de Portugal, S. A.
600083624;Agrupamento de Escolas Rodrigues de Freitas, Porto
02/13/2024;
506809323;MunicÃ­pio de Vila Nova de Paiva
504041193;Infralobo - Empresa de Infra-Estruturas de Vale do Lobo, E. M.
511137753;APRAM - AdministraÃ§Ã£o dos Portos da RegiÃ£o AutÃ³noma da Madeira, S. A.
505072947;Loures Parque - Empresa Municipal de Estacionamento, E. M., Unipessoal, L.da
506824152;MunicÃ­pio de Oleiros
600081966;Pessoas 2030
600085074;Agrupamento de Escolas Nuno de Santa Maria, Tomar
600072479;Agrupamento de Escolas Gil Paes, Torres Novas
600082717;Gabinete de EstratÃ©gia e Planeamento
02/15/2024;
508637503;Casa dos Choupos - Cooperativa Multissetorial de Solidariedade Social, C. R. L.
600082520;Gabinete de Planeamento, Estrategia, AvaliaÃ§Ã£o e RelaÃ§Ãµes Internacionais
600081354;Agrupamento de Escolas do Mogadouro
506964272;Freguesia de Silveira
680017399;ServiÃ§os Municipalizados da NazarÃ©
502299525;AssociaÃ§Ã£o para a ValorizaÃ§Ã£o AgrÃ¡ria
503554286;Cesae Digital
600079732;Agrupamento de Escolas do Conde de Oeiras
500594163;Cercimor - Cooperativa de EducaÃ§Ã£o e ReabilitaÃ§Ã£o de CidadÃ£os Inadaptados de Montemor-o-Novo, C. R. L.
501129103;MunicÃ­pio de Mora
507002440;Freguesia de Sines
600078248;Agrupamento de Escolas SÃ¡ de Miranda, Braga
600079554;Agrupamento de Escolas de PaÃ§o de Arcos, Oeiras
503956546;MunicÃ­pio de Borba
600041611;ServiÃ§os de AcÃ§Ã£o Social do Instituto PolitÃ©cnico de BraganÃ§a
510834264;UniÃ£o das Freguesias de Alto do Seixalinho, Santo AndrÃ© e Verderena
505255391;AMBILITAL - Investimentos Ambientais no Alentejo, E. I. M.
600083241;Agrupamento de Escolas da SÃ©, Lamego
501155350;ConfederaÃ§Ã£o dos Agricultores de Portugal
600086283;Gabinete do SecretÃ¡rio de Estado da ConservaÃ§Ã£o da Natureza e Florestas
600077667;Agrupamento de Escolas de FajÃµes, Oliveira de AzemÃ©is
600025420;DireÃ§Ã£o-Geral da AdministraÃ§Ã£o e do Emprego PÃºblico
600085627;Agrupamento de Escolas n.Âº 3 de Rio Tinto, Gondomar
513986936;Nosso Tejo, L.da
511284349;Instituto de AdministraÃ§Ã£o da SaÃºde, IP-RAM
503005843;SEFO - Sociedade de EducaÃ§Ã£o e FormaÃ§Ã£o do Oeste, L.da
600043797;InspecÃ§Ã£o-Geral da AdministraÃ§Ã£o Interna
501722335;Instituto da Vinha e do Vinho, I. P.
671000527;Secretaria Regional do Turismo e Cultura
600086321;AgÃªncia Nacional para a GestÃ£o do Programa Erasmus + Juventude/Desporto e Corpo Europeu de Solidariedade
507519736;Artemave - AssociaÃ§Ã£o de PromoÃ§Ã£o das Artes e MÃºsica do Vale do Ave
505253267;AdP Energias - Energias RenovÃ¡veis e ServiÃ§os Ambientais , S. A.
600037274;ServiÃ§os de AÃ§Ã£o Social Escolar do Instituto PolitÃ©cnico de Lisboa
600016536;Escola SecundÃ¡ria Camilo Castelo Branco, Vila Real
510839703;UniÃ£o das Freguesias de SÃ£o Bartolomeu dos Galegos e Moledo
600085856;Agrupamento de Escolas Dr. Serafim Leite, SÃ£o JoÃ£o da Madeira
506637441;MunicÃ­pio de Santa Comba DÃ£o
507624645;Alsud - Cooperativa de Ensino e FormaÃ§Ã£o Profissional do Alengarve, C. I. P. R. L.
600086640;DireÃ§Ã£o-Geral de Recursos da Defesa Nacional
502488603;Instituto Superior de Economia e GestÃ£o
600074323;Agrupamento de Escolas DamiÃ£o de Goes, Alenquer
600079791;Agrupamento de Escolas Marcelino Mesquita do Cartaxo
600076652;Agrupamento de Escolas de D.Sancho II, AlijÃ³
503765457;Emequatro - EducaÃ§Ã£o e ServiÃ§os, L.da
515684473;Ãguas do Interior - Norte, E. I. M., S. A.
600081877;Agrupamento de Escolas de Albergaria-a-Velha
500792933;ENATUR - Empresa Nacional de Turismo, S. A.
501120149;MUNICÃPIO DO ENTRONCAMENTO
600085848;Agrupamento de Escolas Diogo de Macedo
510834922;UniÃ£o das Freguesias de Barcelos, Vila Boa e Vila FrescaÃ­nha (SÃ£o Martinho e SÃ£o Pedro)
502512326;AssociaÃ§Ã£o Desportiva e Recreativa - Centro Cultural e Social da Quinta de S.  Pedro
510837123;UniÃ£o das Freguesias de Geraz do Lima (Santa Maria, Santa LeocÃ¡dia e Moreira) e DeÃ£o
506610187;Freguesia de Bogas de Cima
514187808;FCiÃªncias.ID - AssociaÃ§Ã£o para a InvestigaÃ§Ã£o e Desenvolvimento de CiÃªncias
672000857;Escola BÃ¡sica Integrada dos Biscoitos
504610163;EMES EM S.A - Empresa Municipal Estacionamento de Sintra, EM SA
516160893;Ãguas do Alto Alentejo, E. I. M., S. A.
672001721;ServiÃ§os Municipalizados de Ãgua e Saneamento de Ponta Delgada
02/16/2024;
510836569;UniÃ£o das Freguesias de Escudeiros e Penso (Santo EstevÃ£o e SÃ£o Vicente)
02/17/2024;
510838812;UniÃ£o das Freguesias de PoceirÃ£o e Marateca
600080684;Secretaria-Geral do MinistÃ©rio da SaÃºde
600084396;Agrupamento de Escolas de Nelas
505391180;APPACDM de Soure
510834582;UniÃ£o das Freguesias de Areias de Vilar e Encourados
600086607;Agrupamento de Escolas de Albufeira Poente, Albufeira
600084280;Agrupamento de Escolas de Vila Nova de Paiva
600019608;InspecÃ§Ã£o-Geral de FinanÃ§as
507880803;Escola Superior de Enfermagem do Porto
600081311;Agrupamento de Escolas Carlos Amarante, Braga
503904040;FundaÃ§Ã£o para a CiÃªncia e a Tecnologia, I. P.
501411402;Obra Social e Cultural SÃ­lvia Cardoso
600085872;DireÃ§Ã£o Regional da Agricultura
507990315;Freguesia de Galegos
508225736;AssociaÃ§Ã£o de Desenvolvimento Rural Integrado das Terras de Santa Maria
505207117;Freguesia de Carnide
600076067;Agrupamento de Escolas de Mira
507172183;Semente de Futuro - Cooperativa de Solidariedade Social, C. R. L.
501112090;FÃ¡brica da Igreja Paroquial da Freguesia de Nossa Senhora das MisericÃ³rdias
600076164;Agrupamento de Escolas de Esgueira, Aveiro
600085953;Agrupamento de Escolas EmÃ­dio Garcia, BraganÃ§a
504807684;TUB - Transportes Urbanos de Braga, E. M.
514482290;GTI III Portugal - FormaÃ§Ã£o Profissional, L.da
600087590;Estrutura de MissÃ£o Recuperar Portugal
600076970;Agrupamento de Escolas JosÃ© EstevÃ£o
501289623;Santa Casa da MisericÃ³rdia de Arouca
502787228;ADRAT - AssociaÃ§Ã£o de Desenvolvimento da RegiÃ£o do Alto TÃ¢mega
600085228;Agrupamento de Escolas Raul ProenÃ§a, Caldas da Rainha
600019861;Gabinete do Ministro da EducaÃ§Ã£o e CiÃªncia
510957579;Comunidade Intermunicipal do Alto TÃ¢mega e Barroso
506912736;Freguesia de PaÃ§os de BrandÃ£o
514993871;Unidade Local de SaÃºde do Oeste, E.P.E.
600079350;Agrupamento de Escolas de Fragoso, Barcelos
506956652;Freguesia de Bodiosa
600085805;Agrupamento de Escolas de Vila ViÃ§osa
600018954;Provedoria de JustiÃ§a
02/21/2024;
600075257;Agrupamento de Escolas de Resende
510839169;UniÃ£o das Freguesias de Reguengo e SÃ£o JuliÃ£o
507513738;Freguesia de A dos Negros
510839444;UniÃ£o das Freguesias de Sandim, Olival, Lever e Crestuma
600087018;Secretaria Regional do Ambiente e AlteraÃ§Ãµes ClimÃ¡ticas
506602222;Freguesia de Benfica
507253639;ETPM - Escola TÃ©cnica e Profissional de Mafra, S. A.
600076881;Agrupamento de Escolas de Vila Verde
600078647;Agrupamento de Escolas D. Afonso III
507040589;MunicÃ­pio de Reguengos de Monsaraz
600018709;DireÃ§Ã£o-Geral do Tribunal de Contas
504649752;Escola Profissional D. Mariana Seixas, L.da
02/20/2024;
516508423;Escola Profissional D. Afonso Henriques, Unipessoal, L.da
504745557;Instituto Profissional da SertÃ£, L.da
506947521;Freguesia de Caria
510833896;UNIÃO DAS FREGUESIAS DE AGUALVA E MIRA SINTRA
02/22/2024;
502104511;Centro Protocolar de FormaÃ§Ã£o Profissional para o Setor da JustiÃ§a
600082253;Agrupamento de Escolas de Avis
600080773;Agrupamento de Escolas de Moure e Ribeira de Neiva, Vila Verde
507034309;Freguesia de Mindelo
505542331;ResÃ­duos do Nordeste, E. I. M., S. A.
501227636;Centro Social e Paroquial de Nossa Senhora da Luz
516857274;SEAPOWER - AssociaÃ§Ã£o para o Desenvolvimento da Economia do Mar
502840579;Ordem dos MÃ©dicos Dentistas
02/23/2024;
600075770;Agrupamento de Escolas PÃªro Vaz de Caminha, Porto
600018105;Escola SecundÃ¡ria JoÃ£o GonÃ§alves Zarco, Matosinhos
600085198;Agrupamento de Escolas de Barcelos
600079309;Agrupamento de Escolas de Reguengos de Monsaraz
600084469;Agrupamento de Escolas de Arganil - Coimbra (161238) (SNCP)
600077977;Agrupamento de Escolas de Sande, Marco de Canaveses
510183085;Unidade de SaÃºde da Ilha do Faial
506969630;Freguesia de Turquel
503671320;Metro Mondego, S. A.
510835643;UniÃ£o das Freguesias de Cardielos e Serreleis
600085546;Agrupamento de Escolas n.Âº 2 de Serpa
600016285;Escola SecundÃ¡ria de Felgueiras
600080307;Agrupamento de Escolas de MÃ©rtola
506159540;Viver SantarÃ©m - Desporto e Lazer, E. M., S. A.
600075249;Agrupamento de Escolas de Mondim de Basto
501590056;AssociaÃ§Ã£o de BeneficiÃ¡rios do Mira
600084264;Agrupamento de Escolas Abade de BaÃ§al, BraganÃ§a
501119841;Instituto de Nossa Senhora de FÃ¡tima
600081931;Agrupamento de Escolas de AlfÃ¢ndega da FÃ©
501758089;Instituto D. JoÃ£o V, L.da
504547313;Escola Profissional da Mealhada, L.da
02/26/2024;
501831509;Fabrica da Igreja Paroquial da Freguesia de Caparrosa
600087891;Estrutura de MissÃ£o para a GestÃ£o do Plano EstratÃ©gico da PolÃ­tica AgrÃ­cola Comum no Continente
600014690;Secretaria-Geral da PresidÃªncia do Conselho de Ministros
600076857;Agrupamento de Escolas do Concelho de Caminha
503309265;AssociaÃ§Ã£o Comercial e Industrial de Ponte de Sor
516540068;L. C. S. D. - AssociaÃ§Ã£o Data Colab - LaboratÃ³rio Colaborativo para ServiÃ§os de InovaÃ§Ã£o Orientados para os Dados
510837590;UniÃ£o das Freguesias de Lordelo do Ouro e Massarelos
508114381;AS - Empresa das Ãguas de SantarÃ©m, E. M, S. A.
510841120;Freguesia de Vila Real
600076644;Agrupamento de Escolas Professor Ãscar Lopes, Matosinhos
505322730;EMARP - Empresa Municipal de Ãguas e ResÃ­duos de PortimÃ£o, E. M., S. A.
510839657;UniÃ£o das Freguesias de Santo AntÃ£o e SÃ£o JuliÃ£o do Tojal
502130032;FÃ¡brica da Igreja Paroquial de Lamosa
517699044;ComissÃ£o de CoordenaÃ§Ã£o e Desenvolvimento Regional do Alentejo, I. P.
517839539;Instituto para os Comportamentos Aditivos e as DependÃªncias, I. P.
600075796;Agrupamento de Escolas Viseu Sul
504346261;REN AtlÃ¢ntico - Terminal de GNL, S. A.
507157613;Freguesia de Porto Salvo
503723029;FundaÃ§Ã£o AntÃ³nio Aleixo
600017613;Secretaria-Geral do MinistÃ©rio da JustiÃ§a
501804625;AssociaÃ§Ã£o para o Desenvolvimento do Instituto Superior TÃ©cnico
508882079;Freguesia de Cacia
600083314;Agrupamento de Escolas Manuel Teixeira Gomes, PortimÃ£o
600074293;Agrupamento Vertical de Escolas de Briteiros
600081389;Agrupamento de Escolas ArqueÃ³logo MÃ¡rio Cardoso, GuimarÃ£es
600084345;Agrupamento de Escolas de Albufeira
600075966;Agrupamento de Escolas de Gondomar
600075923;Agrupamento de Escolas D. Pedro I, Vila Nova de Gaia
501276157;CSC - Centro Social de CalendÃ¡rio
600076768;Agrupamento de Escolas Marinha Grande Poente
02/28/2024;
600080641;Agrupamento de Escolas de Oliveira do Bairro
512012814;MunicÃ­pio de Ponta Delgada
507809661;INOVA GAIA - AssociaÃ§Ã£o para o Centro de IncubaÃ§Ã£o de base tecnolÃ³gica de Vila Nova de Gaia
508607698;AssociaÃ§Ã£o de Moradores de Ferraria de SÃ£o JoÃ£o
505214300;PMUGEST - Pombal ManutenÃ§Ã£o Urbana e GestÃ£o, E. M.
505902931;Freguesia de Macieira de Rates
503596744;FundaÃ§Ã£o do Desporto
680033548;Instituto PolitÃ©cnico de Viseu
500792704;Santa Casa da MisericÃ³rdia de Vila Pouca de Aguiar
600087166;DireÃ§Ã£o Regional da HabitaÃ§Ã£o
600015467;Secretaria-Geral do MinistÃ©rio da EducaÃ§Ã£o e CiÃªncia
516444395;AssociaÃ§Ã£o EPH - Escola de Hotelaria de Manteigas
504853198;ADEMINHO - AssociaÃ§Ã£o para o Desenvolvimento do Ensino Profissional do Alto Minho Interior
504538314;Cascais Envolvente, GestÃ£o Social da HabitaÃ§Ã£o, E.M., S.A
504646869;APPACDM de SetÃºbal - AssociaÃ§Ã£o Portuguesa de Pais e Amigos do CidadÃ£o Deficiente Mental
600077187;Agrupamento de Escolas de Castelo de Paiva
509871070;Unidade de SaÃºde da Ilha Graciosa
510840248;UniÃ£o das Freguesias de Sobrado e Bairros
500852081;Centro Social e Paroquial de Alcaide
501516980;Biblioteca Nacional de Portugal
600075281;Agrupamento de Escolas da SertÃ£
506851290;Freguesia de Ermesinde
510840450;UniÃ£o das Freguesias de TÃ¡vora Santa Maria e SÃ£o Vicente
510838880;UniÃ£o das Freguesias de Pontinha e FamÃµes
506894762;Freguesia do RosÃ¡rio
500832935;MunicÃ­pio de Cuba
600077802;Agrupamento de Escolas de Eiriz, PaÃ§os de Ferreira
507257138;Freguesia de Silva
503244295;Despertar - FormaÃ§Ã£o e Psicologia, Unipessoal, L.da
510840396;UniÃ£o das Freguesias de Tamel (Santa LeocÃ¡dia) e Vilar do Monte
506557057;Autoridade da ConcorrÃªncia
600086798;Gabinete da Ministra da CiÃªncia, Tecnologia e Ensino Superior
503166936;AMCAL - AssociaÃ§Ã£o de MunicÃ­pios do Alentejo Central
502701676;Escola Superior de Hotelaria e Turismo do Estoril
600000354;DireÃ§Ã£o Regional de Agricultura e Pescas do Norte
509268382;Freguesia de Soutelo
504647040;AsssociaÃ§Ã£o para a Escola Profissional de Artes da CovilhÃ£
600081702;Agrupamento de Escolas de AndrÃ© Soares
501263055;ADVID - AssociaÃ§Ã£o para o Desenvolvimento da Viticultura Duriense
600083497;Agrupamento de Escolas de AbaÃ§Ã£o, GuimarÃ£es
510834124;UniÃ£o das Freguesias de Alenquer (Santo EstÃªvÃ£o e Triana)
504755412;Escola Profissional de Viticultura e Enologia da Beira Litoral
600034976;Escola Profissional AgrÃ­cola Conde de SÃ£o Bento, Santo Tirso
501133097;MunicÃ­pio de AlpiarÃ§a
508439965;CooLabora, C. R. L.
600014380;MinistÃ©rio da Defesa Nacional - Gabinete do Ministro
507207416;ColÃ©gio Rainha D. Leonor, S. A.
503061913;CEC - Conselho Empresarial do Centro / CCIC - CÃ¢mara de ComÃ©rcio e IndÃºstria do Centro
506963837;MunicÃ­pio da SertÃ£
504646885;APPACDM de Viana do Castelo - AssociaÃ§Ã£o Portuguesa de Pais e Amigos do CidadÃ£o Deficiente Mental
02/19/2024;
600065510;Agrupamento de Escolas de Alter do ChÃ£o
506855376;Freguesia de FaiÃµes
504800671;Cooperativa de Ensino Escola Profissional do Centro Juvenil de CampanhÃ£, C. R. L.
600078671;Agrupamento de Escolas AndrÃ© de Gouveia, Ãvora
510474314;Instituto de SeguranÃ§a Social da Madeira, IP-RAM
503251178;ColÃ©gio Dr. LuÃ­s Pereira da Costa, S. A.
504491270;EPAMG - Sociedade de Ensino Profissional, L.da
510837794;UniÃ£o das Freguesias de Marrazes e Barosa
500876096;AssociaÃ§Ã£o Empresarial de Fafe, Cabeceiras de Basto e Celorico de Basto
501536965;Instituto Vaz Serra, Sociedade de Ensino, Cultura e Recreio, S. A.
508424780;LNEG - LaboratÃ³rio Nacional de Energia e Geologia, I. P.
501110453;AssociaÃ§Ã£o Empresarial do Concelho de Rio Maior
02/27/2024;
600079600;Agrupamento de Escolas de Almeirim
506510476;MunicÃ­pio de Gouveia
504577484;APEPO-AssociaÃ§Ã£o Para o Ensino Profissional do Oeste
600055639;Centro de GestÃ£o da Rede InformÃ¡tica do Governo - CEGER
514452820;FundaÃ§Ã£o para os Estudos e FormaÃ§Ã£o nas Autarquias Locais - FundaÃ§Ã£o FEFAL
504447025;Escola Profissional de Santo Tirso, Sociedade Unipessoal, L.da
502589426;Actual Gest - FormaÃ§Ã£o Profissional, L.da
507866673;REN - Rede ElÃ©ctrica Nacional, S. A.
505203081;CACFF - Centro Assistencial Cultural e Formativo do FundÃ£o
600074978;Agrupamento de Escolas Figueira Mar, Figueira da Foz
502246308;IPATIMUP - Instituto de Patologia e Imunologia Molecular da Universidade do Porto
901848824;Junta de Agricultores de Alvaredo
507091329;Freguesia de Alvelos
507103750;Freguesia de VÃ¡rzea
600086380;Tribunal Judicial da Comarca da Lisboa
510840744;UniÃ£o das Freguesias de UnhÃ£o e Lordelo
500820511;SeminÃ¡rio Concilar de Braga
510840990;UniÃ£o das Freguesias de Vila Cova da Lixa e Borba de Godim
507258703;Freguesia de Recezinhos (SÃ£o Mamede)
515244244;InnovPlantProtect - AssociaÃ§Ã£o
513319182;Fundo de Apoio Municipal
503767441;Yourit Academy - FormaÃ§Ã£o e Sistemas de InformaÃ§Ã£o, L.da
672000741;Escola BÃ¡sica Integrada de Roberto Ivens
503839175;F.P.H.T. - FormaÃ§Ã£o Profissional de Hotelaria e Turismo, Lda
507001206;WEMOB, E. M., S. A.
500436576;CERCISA - Cooperativa para a EducaÃ§Ã£o e ReabilitaÃ§Ã£o de CidadÃ£os Inadaptados de Seixal e Almada, C. R. L.
506559483;AssociaÃ§Ã£o de Professores do Concelho de Almada
502383887;Escola Evaristo Nogueira, L.da
508407613;Activar - AssociaÃ§Ã£o de CooperaÃ§Ã£o da LousÃ£
501745963;Irmandade da Santa Casa da MisericÃ³rdia de Montalegre
510833527;Freguesia de Pussos SÃ£o Pedro
511241330;Freguesia de Gaula
505306182;AdP Ãguas de Portugal Internacional, ServiÃ§os Ambientais, S.A.
507847695;UPTEC - AssociaÃ§Ã£o TransferÃªncia de Tec.da Asprela
501290800;Rumo - Cooperativa de Solidariedade Social, C. R. L.
513025766;Comunidade Intermunicipal das Beiras e Serra da Estrela
515194212;AQUANENA - Empresa Municipal de Ãguas e Saneamento de Alcanena, E. M., S. A.
600034380;Conselho EconÃ³mico e Social
600082113;Gabinete do Ministro das FinanÃ§as
510839495;UniÃ£o das Freguesias de Santa Cruz da Trapa e SÃ£o CristÃ³vÃ£o de LafÃµes
502704977;MUNICÃPIO DE SEVER DO VOUGA
508186404;Freguesia de Rio Mau
503497720;Terras de SicÃ³ - AssociaÃ§Ã£o de Desenvolvimento
502083638;ComissÃ£o VitivinÃ­cola da Bairrada
510837271;UniÃ£o das Freguesias de GrijÃ³ e Sermonde
600075702;Agrupamento de Escolas Campo Aberto, Beiriz
502393920;Centro Social de SÃ£o Pedro do Afonsoeiro
501146733;CERCINA - Cooperativa de Ensino, ReabilitaÃ§Ã£o, CapacitaÃ§Ã£o e InclusÃ£o da NazarÃ©, C. R. L.
507019997;FREGUESIA DE FIÃES
504923218;OET - Ordem dos Engenheiros TÃ©cnicos
501325107;Santa Casa da MisericÃ³rdia de Vimieiro
500984573;CRIT - Centro de ReabilitaÃ§Ã£o e IntegraÃ§Ã£o Torrejano
500986193;AssociaÃ§Ã£o Comercial e Industrial de Barcelos
79400000-8;ServiÃ§os de consultoria em matÃ©ria comercial e de gestÃ£o e serviÃ§os conexos
510840442;UniÃ£o das Freguesias de Tavira (Santa Maria e Santiago)
600075079;Gabinete de EstratÃ©gia e Estudos
600085570;Agrupamento de Escolas Dr. Manuel Laranjeira, Espinho
507276353;Freguesia de Mouriscas
600084493;Gabinete do Ministro da Economia e do Mar
600078302;Agrupamento Vertical de Perafita
510837565;UniÃ£o das Freguesias de Loivos da Ribeira e Tresouras
507809980;Freguesia de Santa Marinha do ZÃªzere
510836780;UniÃ£o das Freguesias de Ferreiros e Gondizalves
600083853;Instituto de EducaÃ§Ã£o da Universidade de Lisboa
501676430;TAIPAS TURITERMAS COOP INTERESSE PUBLICO RESPONSABILIDADE LDA
500794600;AssociaÃ§Ã£o de Trabalhadores e Reformados da Portugal Telecom
500892792;Centro Social de Soutelo
503077089;Sol do Ave - AssociaÃ§Ã£o para o Desenvolvimento Integrado do Vale do Ave
510840531;UniÃ£o das Freguesias de Torrados e Sousa
505252589;Cooperactiva - Cooperativa de Desenvolvimento Social, C. R. L.
508894034;E. T. P. M. M. - Escola TÃ©cnica e Profissional MarquÃªs de Marialva, S. A.
600079660;Agrupamento de Escolas de Miraflores, Oeiras
501431012;ASSOCIAÃÃO RAINHA D. BEATRIZ
501136673;FundaÃ§Ã£o CESDA - Centro Social do Distrito de Aveiro
510055710;PACT - Parque do Alentejo de CiÃªncia e Tecnologia, S. A.
500745846;Santa Casa da MisericÃ³rdia de Ãvora
509584888;Vitrus Ambiente, E. M., S. A.
506791238;MunicÃ­pio da Murtosa
502962062;Centro Social Paroquial de Rio de Couros
507404459;JUNTA FREGUESIA SÃO FÃLIX 
503408077;ATAHCA - AssociaÃ§Ã£o de Desenvolvimento das Terras Altas do Homem CÃ¡vado e Ave
501162941;MunicÃ­pio de Fronteira
504776150;JRS Portugal - ServiÃ§o JesuÃ­ta aos Refugiados - AssociaÃ§Ã£o HumanitÃ¡ria
600082032;Agrupamento de Escolas do Carregado
510265006;AgÃªncia Nacional para a QualificaÃ§Ã£o e o Ensino Profissional, I. P.
501524339;Ballet Teatro ContemporÃ¢neo do Porto, C. R. L.
680001069;ServiÃ§os Municipalizados Ãgua e Saneamento CÃ¢mara Municipal Caldas Rainha
600079686;Agrupamento de Escolas de SÃ£o JuliÃ£o da Barra, Oeiras
600075214;Agrupamento de Escolas Dr. FlÃ¡vio GonÃ§alves, PÃ³voa de Varzim
503432890;Centro Social e Paroquial de Garfe
500807914;CERCIBEJA, CRL
515225983;B'ACIS - AssociaÃ§Ã£o CiÃªncia, InovaÃ§Ã£o e SaÃºde - Braga
502293349;Centro Social da ParÃ³quia de Joane
510839630;UniÃ£o das Freguesias de Santiago do CacÃ©m, Santa Cruz e SÃ£o Bartolomeu da Serra
510992889;FundaÃ§Ã£o Padre AmÃ©rico
502753943;ADRIMAG - AssociaÃ§Ã£o de Desenvolvimento Rural Integrado das Serras de Montemuro, Arada e Gralheira
600076610;DireÃ§Ã£o-Geral de Energia e Geologia
600014193;Tribunal Constitucional
600083195;Agrupamento de Escolas Santos SimÃµes, GuimarÃ£es
513409130;Litoralrural - AssociaÃ§Ã£o de Desenvolvimento Regional
500878854;AssociaÃ§Ã£o do ComÃ©rcio, IndÃºstria, ServiÃ§os e Turismo do Distrito de SetÃºbal
500998361;AssociaÃ§Ã£o Comercial, Empresarial e ServiÃ§os dos Concelhos de SantarÃ©m, Almeirim, AlpiarÃ§a, Benavente, Cartaxo e Chamusca
509519440;Basto Vida - ServiÃ§os de AÃ§Ã£o Social e Cuidados de SaÃºde, C. I. P. R. L.
600077691;Agrupamento de Escolas Francisco de Holanda, GuimarÃ£es
506778037;MunicÃ­pio de Penela
512070946;MunicÃ­pio da Madalena
506813266;Freguesia de Redondo
510229417;Prave - AssociaÃ§Ã£o de PromoÃ§Ã£o de Albergaria-a-Velha
508313694;ACA - AssociaÃ§Ã£o Casa da Arquitectura
600082016;Agrupamento de Escolas Aquilino Ribeiro, Oeiras
502780320;AssociaÃ§Ã£o de SaÃºde Mental do Algarve ASMAL
504797956;INOVINTER - Centro de FormaÃ§Ã£o e de InovaÃ§Ã£o TecnolÃ³gica
501617019;O NÃºcleo Desportivo e Social
600085503;Agrupamento de Escolas FernÃ£o de MagalhÃ£es, Chaves
506866432;Porto Vivo, SRU - Sociedade de ReabilitaÃ§Ã£o Urbana do Porto, E.M., S.A.
503533114;AssociaÃ§Ã£o Amigos do Coliseu do Porto
600085732;Agrupamento de Escolas AurÃ©lia de Sousa, Porto
507674065;Freguesia de Vermoil
501845860;Centro de FormaÃ§Ã£o Profissional da IndÃºstria da ConstruÃ§Ã£o Civil e Obras PÃºblicas do Sul (CENFIC)
502964685;INSIGNARE - AssociaÃ§Ã£o de Ensino e FormaÃ§Ã£o
508914698;Polis Litoral Ria de Aveiro - Sociedade para a RequalificaÃ§Ã£o e ValorizaÃ§Ã£o da Ria de Aveiro, S. A.
507089162;Freguesia de Loureira
500746427;Instituto de AÃ§Ã£o Social das ForÃ§as Armadas, I. P.
672002728;Secretaria Regional das FinanÃ§as, Planeamento e AdministraÃ§Ã£o PÃºblica
506942643;Freguesia de Pombal
512088357;Nordeste Ativo, E. M., S. A.
510838715;UniÃ£o das Freguesias de PÃªra Velha, Aldeia de Nacoma e Ariz
506873412;MunicÃ­pio de Monforte
600087069;DireÃ§Ã£o Regional da Mobilidade
503045446;SIMAB - Sociedade Instaladora de Mercados Abastecedores, S. A.
600084620;Gabinete da Ministra do Trabalho, Solidariedade e SeguranÃ§a Social
600085945;Agrupamento de Escolas Latino Coelho, Lamego
502599189;AssociaÃ§Ã£o de MunicÃ­pios do Vale de Sousa
510833314;Freguesia de Marco
506927512;Freguesia de FÃ¡tima
506796035;MunicÃ­pio de Castelo de Vide
600081923;Agrupamento de Escolas AntÃ³nio Correia de Oliveira, Esposende
600085279;Agrupamento de Escolas Linda-a-Velha e Queijas
500925895;CERCIPOM â Cooperativa De EducaÃ§Ã£o, ReabilitaÃ§Ã£o, CapacitaÃ§Ã£o E InclusÃ£o de Pombal, C.R.L.
511058110;Centro Social e Paroquial de SÃ£o Bento da Ribeira Brava
504321552;Centro Pindelense
510841104;UniÃ£o das Freguesias de Vila Nova de Paiva, Alhais e FrÃ¡guas
508976790;ACPMR - AssociaÃ§Ã£o Cluster Portugal Mineral Resources
504079700;Santa Casa da MisericÃ³rdia de Alcanede
510836909;UniÃ£o das Freguesias de Foz de Arouce e Casal de Ermio
506436535;AssociaÃ§Ã£o Turismo do Algarve
600085430;Agrupamento de Escolas de PÃ³voa de Lanhoso
506610624;AssociaÃ§Ã£o de Paralisia Cerebral de Lisboa
510838588;UniÃ£o das Freguesias de Parceiros e Azoia
600083950;DireÃ§Ã£o-Geral do Consumidor
507092503;Freguesia de Figueiredo
510835724;UniÃ£o das Freguesias de Cartaxo e Vale da Pinta
501283269;AssociaÃ§Ã£o para o Estudo e Defesa do PatrimÃ³nio Natural e Cultural do Concelho de MÃ©rtola
600072991;Agrupamento de Escolas de Couto Mineiro do PejÃ£o, Castelo de Paiva
600077721;Agrupamento de Escolas de Macedo de Cavaleiros
600078272;Agrupamento de Escolas Rafael Bordalo Pinheiro, Caldas da Rainha
508100666;Luso-Formatar, S. A.
503313408;Lar da Felicidade - AssociaÃ§Ã£o de Solidariedade Social
600080242;DireÃ§Ã£o-Geral da SeguranÃ§a Social
506546381;MunicÃ­pio de FigueirÃ³ dos Vinhos
600073270;DireÃ§Ã£o-Geral do Emprego e das RelaÃ§Ãµes de Trabalho
600015165;Escola SecundÃ¡ria Professor Doutor FlÃ¡vio F. Pinto Resende, CinfÃ£es
600079201;Agrupamento de Escolas de AirÃ£es, Felgueiras
504172743;Centro Social de Cambra
501490612;Centro de Estudos JudiciÃ¡rios
600077039;Agrupamento de Escolas de Pombal
500948089;ConfederaÃ§Ã£o do ComÃ©rcio e ServiÃ§os de Portugal - CCP
507807090;AssociaÃ§Ã£o Para um Centro de Estudos em Desenvolvimento SustentÃ¡vel
501086889;CERCIPORTALEGRE - Cooperativa de EducaÃ§Ã£o e ReabilitaÃ§Ã£o de CidadÃ£os com Incapacidades de Portalegre C. R. L.
506903370;Freguesia de SapiÃ£os
506886239;Freguesia de NumÃ£o
600083527;Agrupamento de Escolas Amadeo de Souza Cardoso, Amarante
600087247;SMAS
510058086;CÃ´a Parque - FundaÃ§Ã£o para a Salvaguarda e ValorizaÃ§Ã£o do Vale do CÃ´a
504807706;IB - AgÃªncia para a DinamizaÃ§Ã£o EconÃ³mica, E. M.
672002639;Escola BÃ¡sica Integrada de Ribeira Grande
600078450;Agrupamento de Escolas D. Afonso Henriques, Santo Tirso
510928374;AgÃªncia para o Desenvolvimento e CoesÃ£o, I. P.
600079627;Agrupamento de Escolas Manuel da Maia, Lisboa
671000934;Escola BÃ¡sica dos 2.Âº e 3.Âº Ciclos Dr. Eduardo BrazÃ£o de Castro
507662113;Freguesia de Fornelo do Monte
510839185;UniÃ£o das Freguesias de Repeses e SÃ£o Salvador
503278602;Metro do Porto, S. A.
600080676;Agrupamento Vertical de Escolas de Marco de Canaveses
600080439;Agrupamento de Escolas Vieira AraÃºjo, Vieira do Minho
600084299;Agrupamento de Escolas Infante D. Henrique
504650939;Centro Social de Santa Maria de Sardoura
Ciclo;
510840221;UniÃ£o das Freguesias de Silveiros e Rio Covo (Santa EulÃ¡lia)
600086089;Agrupamento de Escolas de Oliveira do Hospital
500638870;Cerciespinho - Cooperativa de EducaÃ§Ã£o e ReabilitaÃ§Ã£o do CidadÃ£o Inadaptado, C. R. L.
508881048;Arsenal do Alfeite, S. A.
509620515;TERAMB, EM - Empresa Municipal de GestÃ£o e ValorizaÃ§Ã£o Ambiental da Ilha Terceira
600084973;DireÃ§Ã£o-Geral de Recursos Naturais, SeguranÃ§a e ServiÃ§os MarÃ­timos
508648165;Centro Interparoquial e Social do Alto Mouro - (CISAM)
500274029;"Soprei Cash &amp; Carry, CRL"
502941715;Vicentina - AssociaÃ§Ã£o para o Desenvolvimento do Sudoeste
502613092;IP PATRIMÃNIO - ADMINISTRAÃÃO E GESTÃO IMOBILIÃRIA, SA
672002140;Escola BÃ¡sica e SecundÃ¡ria de SÃ£o Roque do Pico
506196917;Penafiel Activa, E. M.
503848794;Santa Casa da MisericÃ³rdia da Freguesia de AlfeizerÃ£o
510836151;UniÃ£o das Freguesias de ConceiÃ§Ã£o e Estoi
98390000-3;Outros serviÃ§os
600074994;Agrupamento de Escolas de Vila Nova de Poiares
506962555;Freguesia do Bunheiro
500817812;ConfederaÃ§Ã£o Nacional da Agricultura - CNA
509179436;FundaÃ§Ã£o Mata do BuÃ§aco, F. P.
507834640;Freguesia de Cantelaes
510834302;UniÃ£o das Freguesias de Alverca do Ribatejo e Sobralinho
503203580;AssociaÃ§Ã£o para o Desenvolvimento Integrado de Matosinhos- ADEIMA
502486830;Centro Social e Paroquial de Fragoso
508415110;Freguesia do Lumiar
503393088;AD ELO AssociaÃ§Ã£o de Desenvolvimento Local da Bairrada e Mondego
OrganizaÃ§Ã£o, planificaÃ§Ã£o, acompanhamento e avaliaÃ§Ã£o da aÃ§Ã£o, designadamente:;
600061388;DireÃ§Ã£o-Geral do Ensino Superior
501119825;Freguesia de Boliqueime
600030865;ComissÃ£o Nacional de EleiÃ§Ãµes
501081216;MunicÃ­pio de Barrancos
600016790;Escola SecundÃ¡ria de SÃ£o LourenÃ§o
501652299;CONFAGRI - ConfederaÃ§Ã£o Nacional das Cooperativas AgrÃ­colas e do CrÃ©dito AgrÃ­cola de Portugal, C. C. R. L.
506892700;Freguesia de Salir de Matos
503571172;Raia Historica - AssociaÃ§Ã£o de Desenvolvimento do Nordeste da Beira
510833691;UniÃ£o das Freguesias de Chamusca e Pinheiro Grande
501135774;Sociedade ArtÃ­stica Musical dos Pousos
507611977;ADC - Ãguas da CovilhÃ£, E. M.
501071431;Freguesia de Alte
506931420;Freguesia de Germil
510836674;UniÃ£o das Freguesias de Ãvora (SÃ£o Mamede, SÃ©, SÃ£o Pedro e Santo AntÃ£o)
504120158;KnowHow - Consultores, L.da
506638995;Freguesia de Cercal
506990117;Freguesia de ArranhÃ³
501444971;Banda de MÃºsica de Carregosa
501069380;AssociaÃ§Ã£o do ComÃ©rcio, ServiÃ§os e Turismo do Distrito de Beja
507024419;Freguesia de DelÃ£es
600087522;DireÃ§Ã£o Regional da EducaÃ§Ã£o e AdministraÃ§Ã£o Educativa
505219069;AssociaÃ§Ã£o de Defesa do Idoso e CrianÃ§a de Arentim
517252481;AgÃªncia de InovaÃ§Ã£o e ModernizaÃ§Ã£o da RegiÃ£o AutÃ³noma da Madeira, IP-RAM
504898710;Irmandade da Santa Casa da MisericÃ³rdia da Trofa
501179267;Freguesia de Pombeiro
504443127;Coopetape - Cooperativa de Ensino, C. R. L.
600074790;Agrupamento de Escolas de Pinheiro, Penafiel
600087034;Gabinete de PrevenÃ§Ã£o e InvestigaÃ§Ã£o de Acidentes com Aeronaves e de Acidentes FerroviÃ¡rios
506625419;MunicÃ­pio de Almeida
512007357;Santa Casa da MisericÃ³rdia de angra do Heroismo
511268823;Freguesia de Camacha
501150439;Freguesia de Bajouca
506893685;Freguesia de Amareleja
600023451;Escola ArtÃ­stica do ConservatÃ³rio de MÃºsica do Porto
501073434;FundaÃ§Ã£o S. BarnabÃ©
600082598;CIG - ComissÃ£o para a Cidadania e Igualdade de GÃ©nero 
501600396;AssociaÃ§Ã£o dos MunicÃ­pios da Cova da Beira
504272608;MARF - Mercado Abastecedor da RegiÃ£o de Faro, S. A.
600079325;Agrupamento de Escolas LuÃ­s de Sttau Monteiro, Loures
502596945;Centro Social e Paroquial de Nossa Senhora do RosÃ¡rio de SÃ£o Pedro do Corval
600075311;Agrupamento de Escolas Eng. Fernando Pinto de Oliveira,  Matosinhos
507049675;Freguesia de SÃ£o Martinho de Sardoura
512009163;Casa do Povo de Fenais da Ajuda
600077454;Agrupamento de Escolas de Estarreja
506872696;Freguesia de Alcains
507151437;Freguesia de Raimonda
513429760;PIAGET - FormaÃ§Ã£o e Consultoria, L.da
504617427;Escola Profissional de Tondela, CIPRL
672001063;Escola BÃ¡sica do 2.Âº e 3.Âº Ciclos e SecundÃ¡rio Padre Manuel Azevedo da Cunha
511280521;Instituto de Desenvolvimento Regional, IP-RAM
600073130;Agrupamento de Escolas Augusto Cabrita, Barreiro
504646842;APPACDM DO PORTO - AssociaÃ§Ã£o Portuguesa de Pais e Amigos do CidadÃ£o Deficiente Mental 
503939668;IdD - Portugal Defense, S. A.
504590006;NOVALVITO-Ensino Profissional, Cooperativa de Interesse Publico de Responsabilidade Limitada
600085651;Agrupamento de Escolas de Carvalhos, Vila Nova de Gaia
600085538;Agrupamento de Escolas de Vilela
500900248;Jardim Infantil de Riachos
600061329;InspeÃ§Ã£o-Geral do MinistÃ©rio do Trabalho, Solidariedade e SeguranÃ§a Social
600087450;ComissÃ£o para a Igualdade no Trabalho e no Emprego (CITE)
504487620;FRATERNA - Centro ComunitÃ¡rio de Solidariedade e IntegraÃ§Ã£o Social, CIPRL
504342509;AssociaÃ§Ã£o de Solidariedade Social dos Idosos de Canidelo
507669975;Freguesia de SÃ£o Pedro de Veiga de Lila
600083233;Agrupamento de Escolas n.Âº 2 de Abrantes
502280301;NERBE/AEBAL - AssociaÃ§Ã£o Empresarial do Baixo Alentejo e Litoral
600065944;Gabinete da Ministra da JustiÃ§a
600085775;Agrupamento de Escolas n.Âº 1 de Marco de Canaveses
600086518;Tribunal Judicial da Comarca de Faro
600054110;ServiÃ§os de AÃ§Ã£o Social do Instituto PolitÃ©cnico do Porto
600072584;Agrupamento de Escolas de Mirandela
600078183;Agrupamento Vertical de Cristelo
501396578;Centro de Paralisia Cerebral de Beja
507980590;Freguesia de PortimÃ£o
510832687;Freguesia de AdÃ£o
507151402;Freguesia de Estela
502216450;Centro de InvestigaÃ§Ã£o em Astronomia/AstrofÃ­sica da Universidade do Porto
509830072;IST-ID - AssociaÃ§Ã£o do Instituto Superior TÃ©cnico para a InvestigaÃ§Ã£o e Desenvolvimento
502693789;AssociaÃ§Ã£o para a PromoÃ§Ã£o do Desenvolvimento Rural do Ribatejo
510838090;UniÃ£o Freguesias de Monte Real e Carvide
600078191;Agrupamento de Escolas de FrazÃ£o, PaÃ§os de Ferreira
600054357;Escola BÃ¡sica Terras do Ave, Vila Nova de FamalicÃ£o
510835830;UniÃ£o das Freguesias de Castanheira do Ribatejo e Cachoeiras
502532009;Assoc. BeneficiÃ¡rios LezÃ­ria Grande Vila Franca Xira
509574254;PCI - Parque de CiÃªncia e InovaÃ§Ã£o, S. A.
502625538;P. A. R. C. - Pindelo AssociaÃ§Ã£o Recreativa e Cultural
510835503;UniÃ£o das Freguesias de Campos e Vila MeÃ£
510839843;UniÃ£o das Freguesias de SÃ£o Mamede de Infesta e Senhora da Hora
510837158;UniÃ£o das Freguesias de GlÃ³ria e Vera Cruz
510840949;UniÃ£o de Freguesias de Viana do Castelo (Santa Maria Maior e Monserrate) e Meadela
O contrato a celebrar deverÃ¡ incluir um acordo de nÃ­veis de serviÃ§o Service Level Agreement;SLA, com os requisitos mÃ­nimos referidos nos nÃºmeros seguintes.
510836461;UniÃ£o das Freguesias de Eiras e Mei
506512061;Freguesia de Benespera
600044742;ServiÃ§os de AÃ§Ã£o Social do Instituto PolitÃ©cnico de Viseu
507011970;Freguesia de LorvÃ£o
671001302;Secretaria Regional de InclusÃ£o e Juventude
502605367;Terras Dentro - AssociaÃ§Ã£o para o Desenvolvimento Integrado
600075524;Agrupamento de Escolas Cego do Maio, PÃ³voa de Varzim
510835015;UniÃ£o das Freguesias de Beja (Salvador e Santa Maria da Feira)
512015490;Santa Casa da MisericÃ³rdia de Vila Franca do Campo
600083691;Sistema de SeguranÃ§a Interna
600084434;Agrupamento de Escolas de Alpendurada
508135826;Freguesia de Sendim
600035042;Escola Profissional Desenvolvimento Rural do Rodo
507055829;Centro Social e Paroquial de SÃ£o Miguel de Gandra
512004471;MÃ£e de Deus, AssociaÃ§Ã£o de Solidariedade Social
513884939;Instituto para a QualificaÃ§Ã£o, IP-RAM
504676326;Esproser - Escola Profissional, S. A.
510834647;UniÃ£o das Freguesias de Aricera e Goujoim
600086534;Tribunal Judicial da Comarca de Vila Real
600086755;ComissÃ£o Nacional de PromoÃ§Ã£o dos Direitos e ProteÃ§Ã£o das CrianÃ§as e Jovens
509767605;MOBI.E, S. A.
502654902;Ordem dos MÃ©dicos VeterinÃ¡rios
502280360;AEBB - AssociaÃ§Ã£o Empresarial da Beira Baixa
505094380;Freguesia de Castelo do Neiva
506376745;Vila Real Social, E. M., S. A.
600079813;Agrupamento de Escolas de Arraiolos
512084726;Unidade de SaÃºde da Ilha do Pico
506942651;Freguesia de QueirÃ£
510837620;UniÃ£o das Freguesias de LousÃ£ e Vilarinho
507127986;Freguesia de Alvorge
508316251;Freguesia de Meirinhas
600075478;Agrupamento de Escolas Santa BÃ¡rbara, Gondomar
503177539;ADD - AssociaÃ§Ã£o de Desenvolvimento do DÃ£o
510835597;UniÃ£o das Freguesias de Cantanhede e PocariÃ§a
506824292;Freguesia de Vila Cova Ã  Coelheira
502441895;UNAC - UniÃ£o da Floresta MediterrÃ¢nica
